-- MySQL dump 10.13  Distrib 5.7.17, for Win64 (x86_64)
--
-- Host: localhost    Database: pz
-- ------------------------------------------------------
-- Server version	5.7.17-log

/*!40101 SET @OLD_CHARACTER_SET_CLIENT=@@CHARACTER_SET_CLIENT */;
/*!40101 SET @OLD_CHARACTER_SET_RESULTS=@@CHARACTER_SET_RESULTS */;
/*!40101 SET @OLD_COLLATION_CONNECTION=@@COLLATION_CONNECTION */;
/*!40101 SET NAMES utf8 */;
/*!40103 SET @OLD_TIME_ZONE=@@TIME_ZONE */;
/*!40103 SET TIME_ZONE='+00:00' */;
/*!40014 SET @OLD_UNIQUE_CHECKS=@@UNIQUE_CHECKS, UNIQUE_CHECKS=0 */;
/*!40014 SET @OLD_FOREIGN_KEY_CHECKS=@@FOREIGN_KEY_CHECKS, FOREIGN_KEY_CHECKS=0 */;
/*!40101 SET @OLD_SQL_MODE=@@SQL_MODE, SQL_MODE='NO_AUTO_VALUE_ON_ZERO' */;
/*!40111 SET @OLD_SQL_NOTES=@@SQL_NOTES, SQL_NOTES=0 */;

--
-- Table structure for table `building`
--

DROP TABLE IF EXISTS `building`;
/*!40101 SET @saved_cs_client     = @@character_set_client */;
/*!40101 SET character_set_client = utf8 */;
CREATE TABLE `building` (
  `id` bigint(20) NOT NULL AUTO_INCREMENT,
  `code` varchar(20) NOT NULL,
  `name` varchar(100) NOT NULL,
  `latitude` decimal(8,6) DEFAULT NULL,
  `longitude` decimal(8,6) DEFAULT NULL,
  PRIMARY KEY (`id`),
  UNIQUE KEY `code` (`code`)
) ENGINE=InnoDB AUTO_INCREMENT=128 DEFAULT CHARSET=utf8;
/*!40101 SET character_set_client = @saved_cs_client */;

--
-- Dumping data for table `building`
--

LOCK TABLES `building` WRITE;
/*!40000 ALTER TABLE `building` DISABLE KEYS */;
INSERT INTO `building` VALUES (1,'0600','Wydział Chemii',53.019200,18.569600),(2,'0700','Wydział Filologiczny (Collegium Maius)',53.011600,18.601100),(3,'0801','Wydział Fizyki, Astronomii i Informatyki Stosowanej - Instytut Fizyki',53.017100,18.603000),(4,'0802','Wydział Fizyki, Astronomii i Informatyki Stosowanej - Piwnice CA',53.094800,18.560400),(5,'0802-CAMK','Rabiańska (CAMK)',53.008600,18.605100),(6,'0806','Wydział Fizyki, Astronomii i Informatyki Stosowanej - Studium Politechniczne',53.016900,18.557500),(7,'0900','Wydział Humanistyczny (Collegium Minus)',53.010700,18.600600),(8,'0904','Wydział Humanistyczny - Katedra Logiki',53.012490,18.593530),(9,'1000','Wydział Matematyki i Informatyki',53.010000,18.594200),(10,'1100','Wydział Nauk Ekonomicznych i Zarządzania (Collegium Jana Pawła II)',53.021300,18.570600),(11,'1201','Wydział Nauk Historycznych - Instytut Archeologii',53.016300,18.556200),(12,'1209','Wydział Nauk Historycznych - Katedra Etnologii',53.016300,18.556200),(13,'1300','Wydział Prawa i Administracji',53.022800,18.570000),(14,'1401-KR','Wydział Sztuk Pięknych - Instytut Artystyczny (Krasińskiego 73/75)',53.010671,18.580584),(15,'1401-MCK','Wydział Sztuk Pięknych - Instytut Artystyczny (Mickiewicza 121)',53.011600,18.570200),(16,'1401-SK30','Wydział Sztuk Pięknych - Instytut Artystyczny (Sienkiewicza 30/32)',53.014200,18.581100),(17,'1401-SK4','Wydział Sztuk Pięknych - Instytut Artystyczny (Sienkiewicza 4)',53.010148,18.580477),(18,'1401-SK6','Wydział Sztuk Pięknych - Instytut Artystyczny (Sienkiewicza 6)',53.010264,18.580445),(19,'1402','Wydział Sztuk Pięknych - Instytut Zabytkoznawstwa i Konserwatorstwa (Sienkiewicza 30/32)',53.014200,18.581100),(20,'1402-SZB','Wydział Sztuk Pięknych - Instytut Zabytkoznawstwa i Konserwatorstwa (Szosa Bydgoska 50/56)',53.015145,18.556938),(21,'1500','Wydział Teologiczny',53.018900,18.579700),(22,'1900-1','Wydział Nauk Pedagogicznych (Lwowska 1)',53.021300,18.568500),(23,'1900-2','Wydział Nauk Pedagogicznych (Gagarina 13a)',53.020800,18.571400),(24,'2000','Wydział Politologii i Studiów Międzynarodowych',53.025700,18.620400),(25,'2100-2200','Wydziały: Biologii i Ochrony Środowiska, Nauk o Ziemi',53.021300,18.568500),(26,'3100','Zamiejscowy Ośrodek Dydaktyczny w Grudziądzu',0.000000,0.000000),(27,'3200','Biblioteka Uniwersytecka',53.020334,18.571164),(28,'4100','Studium Praktycznej Nauki Języków Obcych',53.018400,18.570700),(29,'4300','Ośrodek Alliance Française przy UMK',53.009464,18.603866),(30,'4600','Studium Wychowania Fizycznego i Sportu CM',53.132800,18.008800),(31,'5700','Uniwersyteckie Centrum Sportowe',53.022390,18.582610),(32,'5700-GAG','Uniwersyteckie Centrum Sportowe (Gagarina 35)',53.018600,18.578600),(33,'APL','Akademicka Przychodnia Lekarska',53.020100,18.579200),(34,'Aula','Aula UMK',53.018391,18.572559),(35,'BYD-CKN','Centrum Kształcenia Niewidomych, Bydgoszcz',53.130200,18.035900),(36,'BYD-CS_SPIDER','Centrum Wspinaczkowe \"Spider\", Bydgoszcz',53.135205,18.004960),(37,'BYD-CWZS','Cywilno Wojskowy Związek Sportowy Zawisza, Bydgoszcz',53.144600,18.022100),(38,'BYD-CWZS-BASEN','Astoria, Cywilno Wojskowy Związek Sportowy Zawisza, Bydgoszcz',53.130731,17.993050),(39,'BYD-ORK','Ośrodek Rekreacji Konnej - Myślęcinek, Bydgoszcz',53.166600,18.042500),(40,'BYD_PSP','Państwowa Straż Pożarna, Bydgoszcz',0.000000,0.000000),(41,'BYD_UKW-OS','Obiekty sportowe UKW, Bydgoszcz',53.125700,18.023900),(42,'BYD_ZS_15','Zespół Szkół nr 15, Bydgoszcz',0.000000,0.000000),(43,'CM_BUD_A','Collegium Medicum - Budynek A - Jagiellońska 13, Bydgoszcz',53.124632,18.007933),(44,'CM_BUD_F','Collegium Medicum - Budynek F - Jagiellońska 13, Bydgoszcz',53.124033,18.007858),(45,'CM_DS-3','Dom Studencki nr 3 (Collegium Medicum), Bydgoszcz',53.129381,18.034800),(46,'COLL_HUM','Collegium Humanisticum',53.022780,18.569158),(47,'DS-10','Dom Studencki nr 10',53.018882,18.576765),(48,'DS-11','Dom Studencki nr 11',53.019056,18.577655),(49,'GiLA','Gimnazjum i Liceum Akademickie',53.023031,18.592794),(50,'HOTEL-UMK','Hotel Uniwersytecki',53.023031,18.592794),(51,'REKTORAT','Rektorat UMK',53.018514,18.571014),(52,'TOR_CSW','Centrum Sztuki Współczesnej \"Znaki Czasu\"',53.011924,18.600765),(53,'TOR-CWsp','Centrum Wspinaczkowe \"Gato\"',53.018600,18.591300),(54,'TOR-GRAB','Klub Jeździecki Młyńska Struga - Grabowiec',52.965600,18.736100),(55,'TOR_LOD','Lodowisko MENTOR',53.019000,18.591700),(56,'TOR_MOSIR-HSO','MOSIR: Hala sportowa Olimpijczyk',53.013099,18.576261),(57,'TOR_MOWT-RATUSZ','Muzeum Okręgowe w Toruniu - Ratusz',53.010355,18.604542),(58,'TOR_NKJO','Nauczycielskie Kolegium Języków Obcych',53.016519,18.580617),(59,'TOR_PW','Przystań Sportów Wodnych',53.007300,18.595400),(60,'TOR_SP_32','Szkoła Podstawowa Nr 32',53.026100,18.695200),(61,'TOR_SP_33','Szkoła Podstawowa Nr 33 im. Toruńskiej Szkoły Terapeutycznej',53.020590,18.688130),(62,'TOR-STan','Studio Tańca \"Fantom\"',53.012400,18.581600),(63,'TOR-ZSO2','Zespół Szkół Ogólnokształcących nr 2',53.026700,18.691600),(64,'TOR-ZSS','Zespół Szkół Samochodowych',53.021800,18.588300),(65,'UCNTN','Uniwersyteckie Centrum Nowoczesnych Technologii Nauczania',53.018400,18.575300);
/*!40000 ALTER TABLE `building` ENABLE KEYS */;
UNLOCK TABLES;

--
-- Table structure for table `controller`
--

DROP TABLE IF EXISTS `controller`;
/*!40101 SET @saved_cs_client     = @@character_set_client */;
/*!40101 SET character_set_client = utf8 */;
CREATE TABLE `controller` (
  `id` bigint(20) NOT NULL,
  `name` varchar(85) CHARACTER SET utf8 COLLATE utf8_bin NOT NULL,
  `ipv4` varchar(15) CHARACTER SET ascii NOT NULL,
  `description` varchar(1000) DEFAULT NULL,
  PRIMARY KEY (`id`),
  UNIQUE KEY `unique_name` (`name`)
) ENGINE=InnoDB DEFAULT CHARSET=utf8;
/*!40101 SET character_set_client = @saved_cs_client */;

--
-- Dumping data for table `controller`
--

LOCK TABLES `controller` WRITE;
/*!40000 ALTER TABLE `controller` DISABLE KEYS */;
INSERT INTO `controller` VALUES (1,'WiFi-2','102.102.102.102',NULL),(2,'WiFi-3','103.103.103.103',NULL),(3,'WiFi-5','105.105.105.105',NULL),(4,'WiFi-6','106.106.106.106',NULL),(5,'WiFi-7','107.107.107.107',NULL),(6,'WiFi-10','110.110.110.110',NULL),(7,'WiFi-11','111.111.111.111',NULL);
/*!40000 ALTER TABLE `controller` ENABLE KEYS */;
UNLOCK TABLES;

--
-- Table structure for table `current_survey`
--

DROP TABLE IF EXISTS `current_survey`;
/*!40101 SET @saved_cs_client     = @@character_set_client */;
/*!40101 SET character_set_client = utf8 */;
CREATE TABLE `current_survey` (
  `id` bigint(20) NOT NULL,
  `device_id` bigint(20) NOT NULL,
  `survey_id` bigint(20) DEFAULT NULL,
  PRIMARY KEY (`id`),
  UNIQUE KEY `device_id` (`device_id`),
  UNIQUE KEY `survey_id` (`survey_id`),
  CONSTRAINT `currentsurvey_device_fk` FOREIGN KEY (`device_id`) REFERENCES `device` (`id`) ON DELETE CASCADE ON UPDATE CASCADE,
  CONSTRAINT `currentsurvey_devicesurvey_fk` FOREIGN KEY (`survey_id`) REFERENCES `device_survey` (`id`) ON DELETE CASCADE ON UPDATE CASCADE
) ENGINE=InnoDB DEFAULT CHARSET=utf8;
/*!40101 SET character_set_client = @saved_cs_client */;

--
-- Dumping data for table `current_survey`
--

LOCK TABLES `current_survey` WRITE;
/*!40000 ALTER TABLE `current_survey` DISABLE KEYS */;
INSERT INTO `current_survey` VALUES (1,1,8362),(2,2,8363),(3,3,8364),(4,4,8365),(5,5,8366),(6,6,8367),(7,7,8368),(8,8,8369),(9,9,8370),(10,10,8371),(11,11,8372),(12,12,8373),(13,13,8374),(14,14,8375),(15,15,8376),(16,16,8377),(17,17,8378),(18,18,8379),(19,19,8380),(20,20,8381),(21,21,8382),(22,22,8383),(23,23,8384),(24,24,8385),(25,25,8386),(26,26,8387),(27,27,8388),(28,28,8389),(29,29,8390),(30,30,8391),(31,31,8392),(32,32,8393),(33,33,8394),(34,34,8395),(35,35,8396),(36,36,8397),(37,37,8398),(38,38,8399),(39,39,8400),(40,40,8401),(41,41,8402),(42,42,8403),(43,43,8404),(44,44,8405),(45,45,8406),(46,46,8407),(47,47,8408),(48,48,8409),(49,49,8410),(50,50,8411),(51,51,8412),(52,52,8413),(53,53,8414),(54,54,8415),(55,55,8416),(56,56,8417),(57,57,8418),(58,58,8419),(59,59,8420),(60,60,8421),(61,61,8422),(62,62,8423),(63,63,8424),(64,64,8425),(65,65,8426),(66,66,8427),(67,67,8428),(68,68,8429),(69,69,8430),(70,70,8431),(71,71,8432),(72,72,8433),(73,73,8434),(74,74,8435),(75,75,8436),(76,76,8437),(77,77,8438),(78,78,8439),(79,79,8440),(80,80,8441),(81,81,8442),(82,82,8443),(83,83,8444),(84,84,8445),(85,85,8446),(86,86,8447),(87,87,8448),(88,88,8449),(89,89,8450),(90,90,8451),(91,91,8452),(92,92,8453),(93,93,8454),(94,94,8455),(95,95,8456),(96,96,8457),(97,97,8458),(98,98,8459),(99,99,8460),(100,100,8461),(101,101,8462),(102,102,8463),(103,103,8464),(104,104,8465),(105,105,8466),(106,106,8467),(107,107,8468),(108,108,8469),(109,109,8470),(110,110,8471),(111,111,8472),(112,112,8473),(113,113,8474),(114,114,8475),(115,115,8476),(116,116,8477),(117,117,8478),(118,118,8479),(119,119,8480),(120,120,8481),(121,121,8482),(122,122,8483),(123,123,8484),(124,124,8485),(125,125,8486),(126,126,8487),(127,127,8488),(128,128,8489),(129,129,8490),(130,130,8491),(131,131,8492),(132,132,8493),(133,133,8494),(134,134,8495),(135,135,8496),(136,136,8497),(137,137,8498),(138,138,8499),(139,139,8500),(140,140,8501),(141,141,8502),(142,142,8503),(143,143,8504),(144,144,8505),(145,145,8506),(146,146,8507),(147,147,8508),(148,148,8509),(149,149,8510),(150,150,8511),(151,151,8512),(152,152,8513),(153,153,8514),(154,154,8515),(155,155,8516),(156,156,8517),(157,157,8518),(158,158,8519),(159,159,8520),(160,160,8521),(161,161,8522),(162,162,8523),(163,163,8524),(164,164,8525),(165,165,8526),(166,166,8527),(167,167,8528),(168,168,8529),(169,169,8530),(170,170,8531),(171,171,8532),(172,172,8533),(173,173,8534),(174,174,8535),(175,175,8536),(176,176,8537),(177,177,8538),(178,178,8539),(179,179,8540),(180,180,8541),(181,181,8542),(182,182,8543),(183,183,8544),(184,184,8545),(185,185,8546),(186,186,8547),(187,187,8548),(188,188,8549),(189,189,8550),(190,190,8551),(191,191,8552),(192,192,8553),(193,193,8554),(194,194,8555),(195,195,8556),(196,196,8557),(197,197,8558),(198,198,8559),(199,199,8560),(200,200,8561),(201,201,8562),(202,202,8563),(203,203,8564),(204,204,8565),(205,205,8566),(206,206,8567),(207,207,8568),(208,208,8569),(209,209,8570),(210,210,8571),(211,211,8572),(212,212,8573),(213,213,8574),(214,214,8575),(215,215,8576),(216,216,8577),(217,217,8578),(218,218,8579),(219,219,8580),(220,220,8581),(221,221,8582),(222,222,8583),(223,223,8584),(224,224,8585),(225,225,8586),(226,226,8587),(227,227,8588),(228,228,8589),(229,229,8590),(230,230,8591),(231,231,8592),(232,232,8593),(233,233,8594),(234,234,8595),(235,235,8596),(236,236,8597),(237,237,8598),(238,238,8599),(239,239,8600),(240,240,8601),(241,241,8602),(242,242,8603),(243,243,8604),(244,244,8605),(245,245,8606),(246,246,8607),(247,247,8608),(248,248,8609),(249,249,8610),(250,250,8611),(251,251,8612),(252,252,8613),(253,253,8614),(254,254,8615),(255,255,8616),(256,256,8617),(257,257,8618),(258,258,8619),(259,259,8620),(260,260,8621),(261,261,8622),(262,262,8623),(263,263,8624),(264,264,8625),(265,265,8626),(266,266,8627),(267,267,8628),(268,268,8629),(269,269,8630),(270,270,8631),(271,271,8632),(272,272,8633),(273,273,8634),(274,274,8635),(275,275,8636),(276,276,8637),(277,277,8638),(278,278,8639),(279,279,8640),(280,280,8641),(281,281,8642),(282,282,8643),(283,283,8644),(284,284,8645),(285,285,8646),(286,286,8647),(287,287,8648),(288,288,8649),(289,289,8650),(290,290,8651),(291,291,8652),(292,292,8653),(293,293,8654),(294,294,8655),(295,295,8656),(296,296,8657),(297,297,8658),(298,298,8659),(299,299,8660),(300,300,8661),(301,301,8662),(302,302,8663),(303,303,8664),(304,304,8665),(305,305,8666),(306,306,8667),(307,307,8668),(308,308,8669),(309,309,8670),(310,310,8671),(311,311,8672),(312,312,8673),(313,313,8674),(314,314,8675),(315,315,8676),(316,316,8677),(317,317,8678),(318,318,8679),(319,319,8680),(320,320,8681),(321,321,8682),(322,322,8683),(323,323,8684),(324,324,8685),(325,325,8686),(326,326,8687),(327,327,8688),(328,328,8689),(329,329,8690),(330,330,8691),(331,331,8692),(332,332,8693),(333,333,8694),(334,334,8695),(335,335,8696),(336,336,8697),(337,337,8698),(338,338,8699),(339,339,8700),(340,340,8701),(341,341,8702),(342,342,8703),(343,343,8704),(344,344,8705),(345,345,8706),(346,346,8707),(347,347,8708),(348,348,8709),(349,349,8710),(350,350,8711),(351,351,8712),(352,352,8713),(353,353,8714),(354,354,8715),(355,355,8716),(356,356,8717),(357,357,8718),(358,358,8719),(359,359,8720),(360,360,8721),(361,361,8722),(362,362,8723),(363,363,8724),(364,364,8725),(365,365,8726),(366,366,8727),(367,367,8728),(368,368,8729),(369,369,8730),(370,370,8731),(371,371,8732),(372,372,8733),(373,373,8734),(374,374,8735),(375,375,8736),(376,376,8737),(377,377,8738),(378,378,8739),(379,379,8740),(380,380,8741),(381,381,8742),(382,382,8743),(383,383,8744),(384,384,8745),(385,385,8746),(386,386,8747),(387,387,8748),(388,388,8749),(389,389,8750),(390,390,8751),(391,391,8752),(392,392,8753),(393,393,8754),(394,394,8755),(395,395,8756),(396,396,8757),(397,397,8758);
/*!40000 ALTER TABLE `current_survey` ENABLE KEYS */;
UNLOCK TABLES;

--
-- Table structure for table `device`
--

DROP TABLE IF EXISTS `device`;
/*!40101 SET @saved_cs_client     = @@character_set_client */;
/*!40101 SET character_set_client = utf8 */;
CREATE TABLE `device` (
  `id` bigint(20) NOT NULL,
  `name` varchar(85) CHARACTER SET utf8 COLLATE utf8_bin NOT NULL,
  `is_known` tinyint(1) NOT NULL,
  `description` varchar(1000) DEFAULT NULL,
  `controller_id` bigint(20) DEFAULT NULL,
  PRIMARY KEY (`id`),
  UNIQUE KEY `unique_name` (`name`),
  KEY `device_controller_fk` (`controller_id`),
  CONSTRAINT `device_controller_fk` FOREIGN KEY (`controller_id`) REFERENCES `controller` (`id`) ON DELETE CASCADE ON UPDATE CASCADE
) ENGINE=InnoDB DEFAULT CHARSET=utf8;
/*!40101 SET character_set_client = @saved_cs_client */;

--
-- Dumping data for table `device`
--

LOCK TABLES `device` WRITE;
/*!40000 ALTER TABLE `device` DISABLE KEYS */;
INSERT INTO `device` VALUES (1,'FIZ-123_COK',0,NULL,1),(2,'HU-88-A1',0,NULL,1),(3,'HU-87_P217',0,NULL,1),(4,'FIZ-121_K21',0,NULL,1),(5,'BA-35_KC203',0,NULL,1),(6,'BA-34_KC306',0,NULL,1),(7,'SZT-S6-86',0,NULL,1),(8,'FIZ-133_K255',0,NULL,1),(9,'APL-174_K45',0,NULL,1),(10,'FIZ-124_P424',0,NULL,1),(11,'HU-93_P112',0,NULL,1),(12,'FIZ-131_K201',0,NULL,1),(13,'FIZ-140_P505',0,NULL,1),(14,'APL-176_Szatnia',0,NULL,1),(15,'FIZ-139_S26',0,NULL,1),(16,'FIZ-125_LFW',0,NULL,1),(17,'FIZ-134_P391',0,NULL,1),(18,'HU-85_P316',0,NULL,1),(19,'BA-221_biblioteka',0,NULL,1),(20,'HU-89_P53',0,NULL,1),(21,'BA-204_KA24',0,NULL,1),(22,'HU-86_P416',0,NULL,1),(23,'BA-32_KC212',0,NULL,1),(24,'APL-18_K4',0,NULL,1),(25,'BA-224_PA142',0,NULL,1),(26,'FIZ-135_S20',0,NULL,1),(27,'FIZ-132_K395',0,NULL,1),(28,'AST-146',0,NULL,1),(29,'FIZ-122_P230',0,NULL,1),(30,'AST-147',0,NULL,1),(31,'AST-148',0,NULL,1),(32,'AST-149',0,NULL,1),(33,'SZT-S4-85',0,NULL,1),(34,'FIZ-129_COK',0,NULL,1),(35,'BA-223_PA123',0,NULL,1),(36,'FIZ-130_FAMO',0,NULL,1),(37,'FIZ-136_P384',0,NULL,1),(38,'FIZ-126_P490',0,NULL,1),(39,'HU-92_Sala_konf',0,NULL,1),(40,'FIZ-128_K215',0,NULL,1),(41,'APL-78_K10',0,NULL,1),(42,'APL-175_K61',0,NULL,1),(43,'HU-90_P213',0,NULL,1),(44,'FIZ-138_wahadlo',0,NULL,1),(45,'FIZ-127_LFZ',0,NULL,1),(46,'FIZ-120_K112',0,NULL,1),(47,'FIZ-137_P563',0,NULL,1),(48,'BA-33_KC106',0,NULL,1),(49,'HU-91_P312',0,NULL,1),(50,'HU-94_P116',0,NULL,1),(51,'BIO-75_PA378',0,NULL,2),(52,'BIO-66_KC108',0,NULL,2),(53,'BIO-74_KA340',0,NULL,2),(54,'BIO-61_D3',0,NULL,2),(55,'SZT-S-84_K135',0,NULL,2),(56,'TE-92_K43',0,NULL,2),(57,'BIO-69_KA351',0,NULL,2),(58,'MI-172_portiernia',0,NULL,2),(59,'SZT-S-80_K314',0,NULL,2),(60,'BIO-82_KA165',0,NULL,2),(61,'BIO-20_KA126',0,NULL,2),(62,'SZT-S-87-P13',0,NULL,2),(63,'BIO-71_KA155',0,NULL,2),(64,'TE-139_biblioteka',0,NULL,2),(65,'BIO-22_KA240',0,NULL,2),(66,'BIO-16_KC211',0,NULL,2),(67,'BIO-13_KC25',0,NULL,2),(68,'REK-27_Rektor',0,NULL,2),(69,'SZT-S-81-papier',0,NULL,2),(70,'BIO-64_KC132',0,NULL,2),(71,'SZT-S-88_P5',0,NULL,2),(72,'BIO-70_KA116A',0,NULL,2),(73,'BIO-72_PA245',0,NULL,2),(74,'SZT-S-95_K303',0,NULL,2),(75,'AR-95_DS1',0,NULL,2),(76,'KL-98_K',0,NULL,2),(77,'TE-111_K50',0,NULL,2),(78,'AR-99_magazyn',0,NULL,2),(79,'DS12-97_BHP',0,NULL,2),(80,'BHP-132_P114',0,NULL,2),(81,'BIO-21_KA303',0,NULL,2),(82,'SPNJO-222_P2',0,NULL,2),(83,'SZT-S-96_K100',0,NULL,2),(84,'BIO-77_PA258',0,NULL,2),(85,'REK-105_zaopatrzenie',0,NULL,2),(86,'BIO-54_KBfilm',0,NULL,2),(87,'UCNTN_118',0,NULL,2),(88,'UCNTN_117',0,NULL,2),(89,'REK-37_K27',0,NULL,2),(90,'TE-99_KAulaII',0,NULL,2),(91,'TE-90_parter',0,NULL,2),(92,'SZT-S-82_K107',0,NULL,2),(93,'BIO-23_KA223',0,NULL,2),(94,'SZT-S-93_witraze',0,NULL,2),(95,'UCNTN_119',0,NULL,2),(96,'REK-30_ProDziawgo',0,NULL,2),(97,'SFERA-96_DS8',0,NULL,2),(98,'SZT-S-94_K212',0,NULL,2),(99,'BIO-25_KA208',0,NULL,2),(100,'BIO-60_KBdarwin',0,NULL,2),(101,'BIO-15_KC226',0,NULL,2),(102,'SZT-S-89_biblioteka',0,NULL,2),(103,'REK-31_P604',0,NULL,2),(104,'BIO-17_KC243',0,NULL,2),(105,'BIO-76_KAwejscie',0,NULL,2),(106,'SPNJO-107_K12',0,NULL,2),(107,'BIO-27_KA044',0,NULL,2),(108,'BIO-62_KBdydaktyka',0,NULL,2),(109,'REK-29_Kanclerz',0,NULL,2),(110,'BIO-12_KC33',0,NULL,2),(111,'BIO-81_KA57',0,NULL,2),(112,'BIO-83_KA385',0,NULL,2),(113,'MI-173_P9',0,NULL,2),(114,'BIO-84_KA252',0,NULL,2),(115,'REK-28_ProDuch',0,NULL,2),(116,'BIO-73_KA313',0,NULL,2),(117,'BIO-80_PA41',0,NULL,2),(118,'BIO-26_KA269',0,NULL,2),(119,'BIO-14_KC12',0,NULL,2),(120,'BIO-24_KA05',0,NULL,2),(121,'SZT-S-83_tymon',0,NULL,2),(122,'SZT-S-98_K320',0,NULL,2),(123,'TE-112_K20',0,NULL,2),(124,'REK-108_K15',0,NULL,2),(125,'FIL-162_P313',0,NULL,3),(126,'FIL-157_P217',0,NULL,3),(127,'HM-156_KAB101',0,NULL,3),(128,'HM-157_KAB028',0,NULL,3),(129,'HM-175_KC247',0,NULL,3),(130,'FIL-163_bar',0,NULL,3),(131,'HM-179_KC217',0,NULL,3),(132,'HM-170_KC153',0,NULL,3),(133,'HM-160_KAB312',0,NULL,3),(134,'FIL-188_P213A',0,NULL,3),(135,'HM-178_KC239',0,NULL,3),(136,'HM-165_KAB201_t',0,NULL,3),(137,'HM-187_KAB012',0,NULL,3),(138,'HM-174_KC124',0,NULL,3),(139,'HM-188_KAB119',0,NULL,3),(140,'HM-182_KC022',0,NULL,3),(141,'HM-161_KAB301_l',0,NULL,3),(142,'HM-181_KC033',0,NULL,3),(143,'FIL-165_P208a',0,NULL,3),(144,'FIL-166_P409b',0,NULL,3),(145,'FIL-160_P202a',0,NULL,3),(146,'HM-159_KAB211',0,NULL,3),(147,'HM-176_KC224',0,NULL,3),(148,'HM-167_KC318',0,NULL,3),(149,'HM-183_KC006',0,NULL,3),(150,'FIL-158_P400',0,NULL,3),(151,'HM-184_PC039',0,NULL,3),(152,'AR-150_biblioteka',0,NULL,3),(153,'FIL-161_P113a',0,NULL,3),(154,'AR-185_KB173',0,NULL,3),(155,'HM-171_KC139',0,NULL,3),(156,'AR-152_bar',0,NULL,3),(157,'HM-172_KC105',0,NULL,3),(158,'HM-180_KC016',0,NULL,3),(159,'HM-164_KAB213',0,NULL,3),(160,'AR-154_KB150',0,NULL,3),(161,'HM-173_KC118',0,NULL,3),(162,'HM-168_KC331',0,NULL,3),(163,'HM-177_KC205',0,NULL,3),(164,'SZT-B-155',0,NULL,3),(165,'HM-166_KC307',0,NULL,3),(166,'HM-186_KAB216',0,NULL,3),(167,'HM-169_KC340',0,NULL,3),(168,'FIL-159_P304a',0,NULL,3),(169,'HM-162_KAB111',0,NULL,3),(170,'FIL-164_P100',0,NULL,3),(171,'AR-153_szatnia',0,NULL,3),(172,'HM-189_KAB003',0,NULL,3),(173,'HM-158_KAB301_p',0,NULL,3),(174,'HM-163_KC348',0,NULL,3),(175,'CS-184_B110',0,NULL,4),(176,'ICNT-156_KB122',0,NULL,4),(177,'CS-180_trybuny',0,NULL,4),(178,'CS-182_H104',0,NULL,4),(179,'CS-177_H002',0,NULL,4),(180,'CS-183_B105',0,NULL,4),(181,'ICNT-143_KA020',0,NULL,4),(182,'ICNT-144_PA016',0,NULL,4),(183,'CS-181_hala',0,NULL,4),(184,'ICNT-155_KB109',0,NULL,4),(185,'ICNT-145_PBxx',0,NULL,4),(186,'ICNT-154_KB102',0,NULL,4),(187,'ICNT-147_KB07',0,NULL,4),(188,'ICNT-142_KA024',0,NULL,4),(189,'CS-178_G004',0,NULL,4),(190,'CS-179_G105',0,NULL,4),(191,'AP-71-patyk',0,NULL,5),(192,'AP-72',0,NULL,5),(193,'PR-36_AudytB',0,NULL,5),(194,'AP-74',0,NULL,5),(195,'AP-73',0,NULL,5),(196,'PR-18_K213',0,NULL,5),(197,'PR-38_AudytD',0,NULL,5),(198,'AP-76',0,NULL,5),(199,'PR-19_RW',0,NULL,5),(200,'AP-75',0,NULL,5),(201,'AP-79_portier',0,NULL,5),(202,'AP-77',0,NULL,5),(203,'EK-45_wejscie',0,NULL,5),(204,'EK-115_AulaVII',0,NULL,5),(205,'EK-52_P58',0,NULL,5),(206,'EK-50_K101',0,NULL,5),(207,'EK-56_K227',0,NULL,5),(208,'AU-57_sala-lewa',0,NULL,5),(209,'EK-49_AulaIV',0,NULL,5),(210,'EK-51_K118',0,NULL,5),(211,'PRN-21_P198',0,NULL,5),(212,'AU-54_sala-prawa',0,NULL,5),(213,'EK-48_P19',0,NULL,5),(214,'PRN-20_K27',0,NULL,5),(215,'HUM-190_P208',0,NULL,5),(216,'HUM-171_P4',0,NULL,5),(217,'PED-58_P3',0,NULL,5),(218,'EK-43_czytelnia',0,NULL,5),(219,'PR-13_K133',0,NULL,5),(220,'EK-39_Aula',0,NULL,5),(221,'AU-56_K33',0,NULL,5),(222,'AU-52_foyer3',0,NULL,5),(223,'EK-53_bar',0,NULL,5),(224,'AU-50_szatnia',0,NULL,5),(225,'EK-46_P34',0,NULL,5),(226,'HUM-167_K1p',0,NULL,5),(227,'EK-114_PMM',0,NULL,5),(228,'PED-59_portiernia',0,NULL,5),(229,'PR-17_K107',0,NULL,5),(230,'PRN-24_K92',0,NULL,5),(231,'EK-55_K203',0,NULL,5),(232,'EK-116_P8A',0,NULL,5),(233,'PR-14_K122',0,NULL,5),(234,'Aula_NOWY',0,NULL,5),(235,'PR-26_P20',0,NULL,5),(236,'EK-102_KA3_A4',0,NULL,5),(237,'PR-10_biblioteka',0,NULL,5),(238,'EK-41_K126',0,NULL,5),(239,'EK-44_K107',0,NULL,5),(240,'EK-47_P24a',0,NULL,5),(241,'PR-12_portiernia',0,NULL,5),(242,'AU-58_sala-tyl-lewa',0,NULL,5),(243,'HUM-170_P205',0,NULL,5),(244,'PRN-23_K139',0,NULL,5),(245,'AP-82',0,NULL,5),(246,'AU-55_sala-tyl-prawa',0,NULL,5),(247,'PR-11_bar',0,NULL,5),(248,'PR-15_K226',0,NULL,5),(249,'HUM-169_P113',0,NULL,5),(250,'EK-40_RW2B',0,NULL,5),(251,'NOWA-71_piwnica',0,NULL,5),(252,'PRN-22_K-A-H',0,NULL,5),(253,'PR-25_P220',0,NULL,5),(254,'PR-57_jadalnia',0,NULL,5),(255,'AP-81',0,NULL,5),(256,'AP-80',0,NULL,5),(257,'AU-53_foyer2',0,NULL,5),(258,'PR-16_K238',0,NULL,5),(259,'AU-51_foyer1',0,NULL,5),(260,'EK-42_KMM',0,NULL,5),(261,'NOWA-72_scena',0,NULL,5),(262,'HUM-168_P218',0,NULL,5),(263,'UCI-202_P208',0,NULL,6),(264,'UCI-203_portiernia',0,NULL,6),(265,'ST-140_K14',0,NULL,6),(266,'CH-47_audyt1',0,NULL,6),(267,'BU-105_Ip_polwsch',0,NULL,6),(268,'BU-143_K124',0,NULL,6),(269,'WMiI-23',0,NULL,6),(270,'WMiI-24',0,NULL,6),(271,'WMiI-25',0,NULL,6),(272,'BU-101_aneks',0,NULL,6),(273,'WMiI-2',0,NULL,6),(274,'WMiI-20',0,NULL,6),(275,'CH-46_KB226',0,NULL,6),(276,'WMiI-1',0,NULL,6),(277,'WMiI-21',0,NULL,6),(278,'CH-102_KB120',0,NULL,6),(279,'BU-142_K118',0,NULL,6),(280,'WMiI-22',0,NULL,6),(281,'CH-40_KA61',0,NULL,6),(282,'CH-103_KB20',0,NULL,6),(283,'WMiI-6',0,NULL,6),(284,'BU-103_wypozyczalnia',0,NULL,6),(285,'WMiI-5',0,NULL,6),(286,'WMiI-4',0,NULL,6),(287,'CH-43_portiernia',0,NULL,6),(288,'WMiI-3',0,NULL,6),(289,'CH-41_KB57',0,NULL,6),(290,'CH-106_KB129',0,NULL,6),(291,'CH-130_KAB',0,NULL,6),(292,'BU-107_Ip_czyt_glowna',0,NULL,6),(293,'CH-104_KB28',0,NULL,6),(294,'CH-55_KA158',0,NULL,6),(295,'CH-131_Kaudyt1',0,NULL,6),(296,'BU-104_P309',0,NULL,6),(297,'CH-100_KA141',0,NULL,6),(298,'CH-51_KA205',0,NULL,6),(299,'UCI-201_P303',0,NULL,6),(300,'BU-111_Aula8',0,NULL,6),(301,'CH-48_KA20',0,NULL,6),(302,'BU-113_P321',0,NULL,6),(303,'BU-102_Ip_pomorz',0,NULL,6),(304,'ST-141_K1',0,NULL,6),(305,'BU-108_pol_toalety',0,NULL,6),(306,'CH-138_HT',0,NULL,6),(307,'CH-110_KB155a',0,NULL,6),(308,'CH-49_KA237',0,NULL,6),(309,'CH-57_KA125',0,NULL,6),(310,'BU-100_Ip_polzach',0,NULL,6),(311,'CH-54_KA43',0,NULL,6),(312,'CH-53_KA250',0,NULL,6),(313,'WMiI-9',0,NULL,6),(314,'WMiI-8',0,NULL,6),(315,'WMiI-7',0,NULL,6),(316,'BU-109_parter',0,NULL,6),(317,'BU-106_grazyna',0,NULL,6),(318,'CH-42_KB209a',0,NULL,6),(319,'BU-141_K111',0,NULL,6),(320,'CH-109_KB146a',0,NULL,6),(321,'CH-44_KB215',0,NULL,6),(322,'WMiI-16',0,NULL,6),(323,'CH-45_biblioteka',0,NULL,6),(324,'WMiI-17',0,NULL,6),(325,'UCI-200_hall',0,NULL,6),(326,'WMiI-18',0,NULL,6),(327,'WMiI-19',0,NULL,6),(328,'BU-110_kanapy',0,NULL,6),(329,'WMiI-12',0,NULL,6),(330,'BU-112_P134',0,NULL,6),(331,'WMiI-13',0,NULL,6),(332,'CH-52_KA6',0,NULL,6),(333,'WMiI-14',0,NULL,6),(334,'WMiI-15',0,NULL,6),(335,'WMiI-10',0,NULL,6),(336,'WMiI-11',0,NULL,6),(337,'CH-101_KA153',0,NULL,6),(338,'DS11-123_K217',0,NULL,7),(339,'DS9-117_K602',0,NULL,7),(340,'DS10-89_K616',0,NULL,7),(341,'DS9-141_K1',0,NULL,7),(342,'DS9-114_K502',0,NULL,7),(343,'DS10-133_K210',0,NULL,7),(344,'DS12-148_K203',0,NULL,7),(345,'DS10-80_K716',0,NULL,7),(346,'DS12-152_K411',0,NULL,7),(347,'DS11-93_K403',0,NULL,7),(348,'DS12-150_K406',0,NULL,7),(349,'DS10-134_K16',0,NULL,7),(350,'DS10-130_K116',0,NULL,7),(351,'DS12-147_K122',0,NULL,7),(352,'DS11-125_K117',0,NULL,7),(353,'DS11-94_K417',0,NULL,7),(354,'DS10-83_K416',0,NULL,7),(355,'DS11-92_K803',0,NULL,7),(356,'DS11-126_K2',0,NULL,7),(357,'DS9-113_K302',0,NULL,7),(358,'DS10-91_K610',0,NULL,7),(359,'DS10-90_K810',0,NULL,7),(360,'DS12-153_K419',0,NULL,7),(361,'DS9-110_K705',0,NULL,7),(362,'DS9-144_K10',0,NULL,7),(363,'DS9-118_K701',0,NULL,7),(364,'DS12-146_K106',0,NULL,7),(365,'DS10-131_K310',0,NULL,7),(366,'DS9-142_K101',0,NULL,7),(367,'DS12-149_K306',0,NULL,7),(368,'DS9-140_K210',0,NULL,7),(369,'DS10-136_K216',0,NULL,7),(370,'DS11-86_K717',0,NULL,7),(371,'DS12-155_K216',0,NULL,7),(372,'DS11-98_K503',0,NULL,7),(373,'DS9-143_K110',0,NULL,7),(374,'DS10-132_K110',0,NULL,7),(375,'DS11-87_K603',0,NULL,7),(376,'DS11-121_K103',0,NULL,7),(377,'DS9-116_K306',0,NULL,7),(378,'DS11-120_K303',0,NULL,7),(379,'DS10-135_K316',0,NULL,7),(380,'DS10-84_K410',0,NULL,7),(381,'DS11-88_K817',0,NULL,7),(382,'DS9-112_K402',0,NULL,7),(383,'DS9-115_K406',0,NULL,7),(384,'DS11-96_K617',0,NULL,7),(385,'DS10-82_K516',0,NULL,7),(386,'DS9-119_K611',0,NULL,7),(387,'DS11-95_K517',0,NULL,7),(388,'DS12-151_K323',0,NULL,7),(389,'DS10-85_K510',0,NULL,7),(390,'DS11-122_K203',0,NULL,7),(391,'DS11-124_K317',0,NULL,7),(392,'DS12-154_K209',0,NULL,7),(393,'DS10-99_K710',0,NULL,7),(394,'DS9-145_K201',0,NULL,7),(395,'DS11-97_K703',0,NULL,7),(396,'DS9-111_K508',0,NULL,7),(397,'DS10-81_K816',0,NULL,7);
/*!40000 ALTER TABLE `device` ENABLE KEYS */;
UNLOCK TABLES;

--
-- Table structure for table `device_survey`
--

DROP TABLE IF EXISTS `device_survey`;
/*!40101 SET @saved_cs_client     = @@character_set_client */;
/*!40101 SET character_set_client = utf8 */;
CREATE TABLE `device_survey` (
  `id` bigint(20) NOT NULL,
  `timestamp` int(11) NOT NULL,
  `is_enabled` tinyint(1) NOT NULL,
  `clients_sum` int(11) NOT NULL,
  `device_id` bigint(20) NOT NULL,
  PRIMARY KEY (`id`),
  KEY `devicesurvey_device_fk` (`device_id`),
  CONSTRAINT `devicesurvey_device_fk` FOREIGN KEY (`device_id`) REFERENCES `device` (`id`) ON DELETE CASCADE ON UPDATE CASCADE
) ENGINE=InnoDB DEFAULT CHARSET=utf8;
/*!40101 SET character_set_client = @saved_cs_client */;

--
-- Dumping data for table `device_survey`
--

LOCK TABLES `device_survey` WRITE;
/*!40000 ALTER TABLE `device_survey` DISABLE KEYS */;
INSERT INTO `device_survey` VALUES (1,1488396158,1,35,1),(2,1488396158,1,43,2),(3,1488396158,0,22,3),(4,1488396158,1,8,4),(5,1488396158,1,44,5),(6,1488396158,1,4,6),(7,1488396158,1,31,7),(8,1488396158,0,24,8),(9,1488396158,1,1,9),(10,1488396158,1,29,10),(11,1488396158,1,18,11),(12,1488396158,1,11,12),(13,1488396158,1,21,13),(14,1488396158,1,35,14),(15,1488396158,1,30,15),(16,1488396158,1,3,16),(17,1488396158,1,43,17),(18,1488396158,1,38,18),(19,1488396158,1,30,19),(20,1488396158,0,34,20),(21,1488396158,1,5,21),(22,1488396158,0,48,22),(23,1488396158,0,19,23),(24,1488396158,1,28,24),(25,1488396158,1,41,25),(26,1488396158,1,30,26),(27,1488396158,1,25,27),(28,1488396158,1,16,28),(29,1488396158,1,29,29),(30,1488396158,1,23,30),(31,1488396158,1,5,31),(32,1488396158,1,32,32),(33,1488396158,1,0,33),(34,1488396158,1,8,34),(35,1488396158,0,42,35),(36,1488396158,1,17,36),(37,1488396158,1,28,37),(38,1488396158,1,18,38),(39,1488396158,1,2,39),(40,1488396158,1,26,40),(41,1488396158,1,28,41),(42,1488396158,1,23,42),(43,1488396158,1,44,43),(44,1488396158,0,34,44),(45,1488396158,1,38,45),(46,1488396158,1,14,46),(47,1488396158,0,23,47),(48,1488396158,1,39,48),(49,1488396158,1,14,49),(50,1488396158,1,1,50),(51,1488396158,1,25,51),(52,1488396158,1,31,52),(53,1488396158,1,46,53),(54,1488396158,1,34,54),(55,1488396158,1,17,55),(56,1488396158,1,21,56),(57,1488396158,0,37,57),(58,1488396158,1,25,58),(59,1488396158,1,37,59),(60,1488396158,1,14,60),(61,1488396158,0,37,61),(62,1488396158,1,38,62),(63,1488396158,1,36,63),(64,1488396158,0,29,64),(65,1488396158,1,25,65),(66,1488396158,1,28,66),(67,1488396158,1,17,67),(68,1488396158,1,34,68),(69,1488396158,1,9,69),(70,1488396158,1,14,70),(71,1488396158,1,32,71),(72,1488396158,0,44,72),(73,1488396158,1,40,73),(74,1488396158,1,13,74),(75,1488396158,1,13,75),(76,1488396158,1,43,76),(77,1488396158,0,38,77),(78,1488396158,1,12,78),(79,1488396158,1,1,79),(80,1488396158,1,41,80),(81,1488396158,1,8,81),(82,1488396158,1,13,82),(83,1488396158,1,13,83),(84,1488396158,1,48,84),(85,1488396158,1,34,85),(86,1488396158,1,46,86),(87,1488396158,1,35,87),(88,1488396158,1,14,88),(89,1488396158,1,34,89),(90,1488396158,1,18,90),(91,1488396158,1,34,91),(92,1488396158,1,26,92),(93,1488396158,1,6,93),(94,1488396158,1,16,94),(95,1488396158,0,24,95),(96,1488396158,1,26,96),(97,1488396158,0,39,97),(98,1488396158,1,17,98),(99,1488396158,0,43,99),(100,1488396158,0,15,100),(101,1488396158,1,46,101),(102,1488396158,1,18,102),(103,1488396158,1,25,103),(104,1488396158,1,8,104),(105,1488396158,1,42,105),(106,1488396158,0,18,106),(107,1488396158,1,27,107),(108,1488396158,1,10,108),(109,1488396158,0,37,109),(110,1488396158,0,23,110),(111,1488396158,1,2,111),(112,1488396158,1,16,112),(113,1488396158,1,35,113),(114,1488396158,1,18,114),(115,1488396158,1,14,115),(116,1488396158,1,9,116),(117,1488396158,1,35,117),(118,1488396158,1,32,118),(119,1488396158,1,31,119),(120,1488396158,1,22,120),(121,1488396158,1,22,121),(122,1488396158,1,37,122),(123,1488396158,1,35,123),(124,1488396158,1,29,124),(125,1488396159,1,25,125),(126,1488396159,0,49,126),(127,1488396159,1,32,127),(128,1488396159,1,1,128),(129,1488396159,1,15,129),(130,1488396159,1,8,130),(131,1488396159,1,24,131),(132,1488396159,1,6,132),(133,1488396159,1,43,133),(134,1488396159,1,41,134),(135,1488396159,1,20,135),(136,1488396159,0,22,136),(137,1488396159,1,33,137),(138,1488396159,1,10,138),(139,1488396159,1,28,139),(140,1488396159,1,26,140),(141,1488396159,1,3,141),(142,1488396159,1,28,142),(143,1488396159,1,8,143),(144,1488396159,1,6,144),(145,1488396159,1,12,145),(146,1488396159,1,23,146),(147,1488396159,1,41,147),(148,1488396159,1,13,148),(149,1488396159,0,21,149),(150,1488396159,1,15,150),(151,1488396159,1,26,151),(152,1488396159,1,32,152),(153,1488396159,1,37,153),(154,1488396159,1,30,154),(155,1488396159,1,44,155),(156,1488396159,1,34,156),(157,1488396159,1,31,157),(158,1488396159,1,23,158),(159,1488396159,0,37,159),(160,1488396159,0,47,160),(161,1488396159,0,40,161),(162,1488396159,1,24,162),(163,1488396159,1,48,163),(164,1488396159,0,34,164),(165,1488396159,1,6,165),(166,1488396159,1,2,166),(167,1488396159,1,34,167),(168,1488396159,1,42,168),(169,1488396159,1,23,169),(170,1488396159,1,21,170),(171,1488396159,0,4,171),(172,1488396159,1,4,172),(173,1488396159,1,33,173),(174,1488396159,1,9,174),(175,1488396159,1,3,175),(176,1488396159,1,31,176),(177,1488396159,0,17,177),(178,1488396159,1,32,178),(179,1488396159,1,46,179),(180,1488396159,1,15,180),(181,1488396159,1,27,181),(182,1488396159,0,4,182),(183,1488396159,1,4,183),(184,1488396159,1,24,184),(185,1488396159,0,15,185),(186,1488396159,0,22,186),(187,1488396159,0,36,187),(188,1488396159,0,1,188),(189,1488396159,0,20,189),(190,1488396159,0,34,190),(191,1488396159,1,47,191),(192,1488396159,1,23,192),(193,1488396159,1,33,193),(194,1488396159,1,32,194),(195,1488396159,1,48,195),(196,1488396159,0,42,196),(197,1488396159,1,7,197),(198,1488396159,1,13,198),(199,1488396159,0,12,199),(200,1488396159,1,4,200),(201,1488396159,1,34,201),(202,1488396159,1,29,202),(203,1488396159,1,29,203),(204,1488396159,1,8,204),(205,1488396159,1,13,205),(206,1488396159,1,26,206),(207,1488396159,1,41,207),(208,1488396159,1,41,208),(209,1488396159,1,41,209),(210,1488396159,1,5,210),(211,1488396159,0,20,211),(212,1488396159,0,9,212),(213,1488396159,1,29,213),(214,1488396159,1,17,214),(215,1488396159,0,10,215),(216,1488396159,1,13,216),(217,1488396159,1,6,217),(218,1488396159,1,42,218),(219,1488396159,0,22,219),(220,1488396159,0,31,220),(221,1488396159,1,32,221),(222,1488396159,1,5,222),(223,1488396159,1,28,223),(224,1488396159,1,38,224),(225,1488396159,1,1,225),(226,1488396159,1,29,226),(227,1488396159,1,7,227),(228,1488396159,1,44,228),(229,1488396159,1,32,229),(230,1488396159,0,11,230),(231,1488396159,1,43,231),(232,1488396159,1,15,232),(233,1488396159,0,41,233),(234,1488396159,1,6,234),(235,1488396159,0,21,235),(236,1488396159,1,10,236),(237,1488396159,0,22,237),(238,1488396159,1,9,238),(239,1488396159,1,14,239),(240,1488396159,0,14,240),(241,1488396159,1,6,241),(242,1488396159,1,32,242),(243,1488396159,1,29,243),(244,1488396159,1,3,244),(245,1488396159,0,48,245),(246,1488396159,0,25,246),(247,1488396159,1,31,247),(248,1488396159,1,17,248),(249,1488396159,1,13,249),(250,1488396159,0,4,250),(251,1488396159,1,24,251),(252,1488396159,1,40,252),(253,1488396159,1,48,253),(254,1488396159,1,10,254),(255,1488396159,0,6,255),(256,1488396159,1,35,256),(257,1488396159,0,6,257),(258,1488396159,0,42,258),(259,1488396159,1,24,259),(260,1488396159,1,14,260),(261,1488396159,1,21,261),(262,1488396159,1,2,262),(263,1488396159,1,27,263),(264,1488396159,1,21,264),(265,1488396159,1,5,265),(266,1488396159,1,46,266),(267,1488396159,1,6,267),(268,1488396159,1,12,268),(269,1488396159,1,30,269),(270,1488396159,1,39,270),(271,1488396159,1,29,271),(272,1488396159,0,29,272),(273,1488396159,1,21,273),(274,1488396159,0,44,274),(275,1488396159,0,46,275),(276,1488396159,0,29,276),(277,1488396159,0,2,277),(278,1488396159,1,1,278),(279,1488396159,1,15,279),(280,1488396159,1,49,280),(281,1488396159,1,34,281),(282,1488396159,1,45,282),(283,1488396159,1,16,283),(284,1488396159,1,49,284),(285,1488396159,1,10,285),(286,1488396159,1,40,286),(287,1488396159,1,48,287),(288,1488396159,1,25,288),(289,1488396159,1,44,289),(290,1488396159,1,36,290),(291,1488396159,1,13,291),(292,1488396159,1,22,292),(293,1488396159,1,38,293),(294,1488396159,1,15,294),(295,1488396159,1,30,295),(296,1488396159,1,1,296),(297,1488396159,1,27,297),(298,1488396159,1,26,298),(299,1488396159,1,29,299),(300,1488396159,1,45,300),(301,1488396159,1,34,301),(302,1488396159,1,10,302),(303,1488396159,1,46,303),(304,1488396159,1,22,304),(305,1488396159,1,25,305),(306,1488396159,0,48,306),(307,1488396159,0,33,307),(308,1488396159,1,19,308),(309,1488396159,0,49,309),(310,1488396159,0,3,310),(311,1488396159,1,13,311),(312,1488396159,1,34,312),(313,1488396159,1,9,313),(314,1488396159,1,28,314),(315,1488396159,1,48,315),(316,1488396159,0,23,316),(317,1488396159,1,2,317),(318,1488396159,1,20,318),(319,1488396159,1,36,319),(320,1488396159,1,23,320),(321,1488396159,0,19,321),(322,1488396159,1,13,322),(323,1488396159,1,36,323),(324,1488396159,1,3,324),(325,1488396159,1,37,325),(326,1488396159,0,48,326),(327,1488396159,1,37,327),(328,1488396159,1,2,328),(329,1488396159,1,16,329),(330,1488396159,1,34,330),(331,1488396159,0,25,331),(332,1488396159,1,28,332),(333,1488396159,1,21,333),(334,1488396159,1,3,334),(335,1488396159,1,48,335),(336,1488396159,1,43,336),(337,1488396159,1,32,337),(338,1488396159,1,21,338),(339,1488396159,1,14,339),(340,1488396159,1,7,340),(341,1488396159,1,39,341),(342,1488396159,1,32,342),(343,1488396159,1,7,343),(344,1488396159,0,44,344),(345,1488396159,1,27,345),(346,1488396159,1,31,346),(347,1488396159,0,21,347),(348,1488396159,1,8,348),(349,1488396159,1,36,349),(350,1488396159,1,34,350),(351,1488396159,0,28,351),(352,1488396159,1,22,352),(353,1488396159,0,41,353),(354,1488396159,1,0,354),(355,1488396159,1,18,355),(356,1488396159,0,38,356),(357,1488396159,1,15,357),(358,1488396159,1,5,358),(359,1488396159,1,7,359),(360,1488396159,0,48,360),(361,1488396159,1,40,361),(362,1488396159,1,46,362),(363,1488396159,0,22,363),(364,1488396159,1,41,364),(365,1488396159,0,6,365),(366,1488396159,0,26,366),(367,1488396159,1,20,367),(368,1488396159,1,12,368),(369,1488396159,0,6,369),(370,1488396159,1,19,370),(371,1488396159,0,25,371),(372,1488396159,1,42,372),(373,1488396159,1,46,373),(374,1488396159,0,31,374),(375,1488396159,1,48,375),(376,1488396159,1,8,376),(377,1488396159,1,23,377),(378,1488396159,1,32,378),(379,1488396159,0,37,379),(380,1488396159,1,26,380),(381,1488396159,1,36,381),(382,1488396159,1,29,382),(383,1488396159,1,6,383),(384,1488396159,1,7,384),(385,1488396159,1,35,385),(386,1488396159,0,2,386),(387,1488396159,1,0,387),(388,1488396159,1,23,388),(389,1488396159,1,46,389),(390,1488396159,1,29,390),(391,1488396159,1,23,391),(392,1488396159,1,19,392),(393,1488396159,1,33,393),(394,1488396159,1,28,394),(395,1488396159,1,9,395),(396,1488396159,1,31,396),(397,1488396159,1,29,397),(398,1488396458,0,31,1),(399,1488396458,1,25,2),(400,1488396458,1,28,3),(401,1488396458,1,28,4),(402,1488396458,1,16,5),(403,1488396458,1,38,6),(404,1488396458,1,43,7),(405,1488396458,1,0,8),(406,1488396458,1,6,9),(407,1488396458,1,1,10),(408,1488396458,1,13,11),(409,1488396458,1,36,12),(410,1488396458,1,22,13),(411,1488396458,1,11,14),(412,1488396458,1,1,15),(413,1488396458,1,25,16),(414,1488396458,1,46,17),(415,1488396458,0,27,18),(416,1488396458,1,33,19),(417,1488396458,1,26,20),(418,1488396458,1,16,21),(419,1488396458,0,39,22),(420,1488396458,1,0,23),(421,1488396458,1,42,24),(422,1488396458,0,5,25),(423,1488396458,1,14,26),(424,1488396458,0,23,27),(425,1488396458,0,37,28),(426,1488396458,1,27,29),(427,1488396458,1,4,30),(428,1488396458,1,9,31),(429,1488396458,0,13,32),(430,1488396458,1,26,33),(431,1488396458,0,42,34),(432,1488396458,1,45,35),(433,1488396458,1,37,36),(434,1488396458,1,16,37),(435,1488396458,1,11,38),(436,1488396458,1,29,39),(437,1488396458,1,38,40),(438,1488396458,0,35,41),(439,1488396458,1,17,42),(440,1488396458,1,10,43),(441,1488396458,1,22,44),(442,1488396458,1,41,45),(443,1488396458,1,46,46),(444,1488396458,1,7,47),(445,1488396458,1,11,48),(446,1488396458,1,9,49),(447,1488396458,1,28,50),(448,1488396458,1,18,51),(449,1488396458,1,27,52),(450,1488396458,1,30,53),(451,1488396458,1,18,54),(452,1488396458,1,15,55),(453,1488396458,1,17,56),(454,1488396458,1,2,57),(455,1488396458,1,30,58),(456,1488396458,1,5,59),(457,1488396458,1,24,60),(458,1488396458,1,6,61),(459,1488396458,1,46,62),(460,1488396458,1,32,63),(461,1488396458,1,37,64),(462,1488396458,1,31,65),(463,1488396458,0,38,66),(464,1488396458,1,24,67),(465,1488396458,1,46,68),(466,1488396458,1,46,69),(467,1488396458,0,10,70),(468,1488396458,1,17,71),(469,1488396458,1,40,72),(470,1488396458,1,46,73),(471,1488396458,1,24,74),(472,1488396458,1,29,75),(473,1488396458,1,26,76),(474,1488396458,1,8,77),(475,1488396458,0,45,78),(476,1488396458,0,10,79),(477,1488396458,1,4,80),(478,1488396458,1,44,81),(479,1488396458,1,7,82),(480,1488396458,1,43,83),(481,1488396458,0,37,84),(482,1488396458,1,49,85),(483,1488396458,0,44,86),(484,1488396458,1,27,87),(485,1488396458,1,21,88),(486,1488396458,1,23,89),(487,1488396458,1,46,90),(488,1488396458,1,25,91),(489,1488396458,1,7,92),(490,1488396458,1,39,93),(491,1488396458,1,48,94),(492,1488396458,1,2,95),(493,1488396458,1,42,96),(494,1488396458,0,17,97),(495,1488396458,1,32,98),(496,1488396458,1,36,99),(497,1488396458,1,2,100),(498,1488396458,1,46,101),(499,1488396458,1,44,102),(500,1488396458,1,22,103),(501,1488396458,1,14,104),(502,1488396458,1,40,105),(503,1488396458,1,42,106),(504,1488396458,1,48,107),(505,1488396458,1,21,108),(506,1488396458,0,34,109),(507,1488396458,1,39,110),(508,1488396458,1,15,111),(509,1488396458,1,48,112),(510,1488396458,1,26,113),(511,1488396458,0,2,114),(512,1488396458,1,25,115),(513,1488396458,0,22,116),(514,1488396458,1,29,117),(515,1488396458,1,28,118),(516,1488396458,1,16,119),(517,1488396458,0,39,120),(518,1488396458,1,29,121),(519,1488396458,1,32,122),(520,1488396458,1,7,123),(521,1488396458,0,35,124),(522,1488396458,1,41,125),(523,1488396458,1,47,126),(524,1488396458,1,29,127),(525,1488396458,1,30,128),(526,1488396458,1,5,129),(527,1488396458,1,45,130),(528,1488396458,1,37,131),(529,1488396458,1,43,132),(530,1488396458,1,19,133),(531,1488396458,1,21,134),(532,1488396458,0,12,135),(533,1488396458,1,33,136),(534,1488396458,1,48,137),(535,1488396458,1,21,138),(536,1488396458,0,15,139),(537,1488396458,0,35,140),(538,1488396458,1,11,141),(539,1488396458,0,28,142),(540,1488396458,1,49,143),(541,1488396458,1,21,144),(542,1488396458,1,26,145),(543,1488396458,1,5,146),(544,1488396458,1,33,147),(545,1488396458,0,22,148),(546,1488396458,1,42,149),(547,1488396458,1,29,150),(548,1488396458,1,13,151),(549,1488396458,1,41,152),(550,1488396458,0,30,153),(551,1488396458,1,49,154),(552,1488396458,0,37,155),(553,1488396458,1,49,156),(554,1488396458,1,27,157),(555,1488396458,1,32,158),(556,1488396458,1,15,159),(557,1488396458,1,20,160),(558,1488396458,1,49,161),(559,1488396458,1,20,162),(560,1488396458,0,9,163),(561,1488396458,1,27,164),(562,1488396458,1,24,165),(563,1488396458,1,9,166),(564,1488396458,1,32,167),(565,1488396458,0,4,168),(566,1488396458,0,48,169),(567,1488396458,1,26,170),(568,1488396458,0,24,171),(569,1488396458,1,3,172),(570,1488396458,0,45,173),(571,1488396458,1,39,174),(572,1488396458,0,39,175),(573,1488396458,1,34,176),(574,1488396458,1,27,177),(575,1488396458,1,38,178),(576,1488396458,1,22,179),(577,1488396458,1,20,180),(578,1488396458,1,23,181),(579,1488396458,1,26,182),(580,1488396458,1,42,183),(581,1488396458,1,30,184),(582,1488396458,0,44,185),(583,1488396458,1,39,186),(584,1488396458,1,3,187),(585,1488396458,0,38,188),(586,1488396458,1,11,189),(587,1488396458,1,36,190),(588,1488396459,1,47,191),(589,1488396459,0,23,192),(590,1488396459,0,46,193),(591,1488396459,1,17,194),(592,1488396459,1,40,195),(593,1488396459,0,25,196),(594,1488396459,1,10,197),(595,1488396459,1,40,198),(596,1488396459,1,17,199),(597,1488396459,1,11,200),(598,1488396459,1,3,201),(599,1488396459,0,30,202),(600,1488396459,1,40,203),(601,1488396459,1,45,204),(602,1488396459,0,6,205),(603,1488396459,1,28,206),(604,1488396459,1,29,207),(605,1488396459,1,34,208),(606,1488396459,1,21,209),(607,1488396459,1,42,210),(608,1488396459,0,20,211),(609,1488396459,1,2,212),(610,1488396459,0,2,213),(611,1488396459,1,9,214),(612,1488396459,1,10,215),(613,1488396459,1,49,216),(614,1488396459,1,13,217),(615,1488396459,1,24,218),(616,1488396459,1,31,219),(617,1488396459,1,7,220),(618,1488396459,1,4,221),(619,1488396459,1,29,222),(620,1488396459,1,10,223),(621,1488396459,1,41,224),(622,1488396459,1,1,225),(623,1488396459,1,24,226),(624,1488396459,1,30,227),(625,1488396459,1,38,228),(626,1488396459,1,43,229),(627,1488396459,0,46,230),(628,1488396459,1,46,231),(629,1488396459,1,8,232),(630,1488396459,1,29,233),(631,1488396459,1,47,234),(632,1488396459,1,23,235),(633,1488396459,1,1,236),(634,1488396459,0,11,237),(635,1488396459,0,0,238),(636,1488396459,0,8,239),(637,1488396459,1,10,240),(638,1488396459,1,0,241),(639,1488396459,0,2,242),(640,1488396459,1,20,243),(641,1488396459,1,42,244),(642,1488396459,1,39,245),(643,1488396459,1,42,246),(644,1488396459,0,48,247),(645,1488396459,1,9,248),(646,1488396459,1,34,249),(647,1488396459,1,13,250),(648,1488396459,1,12,251),(649,1488396459,1,44,252),(650,1488396459,1,16,253),(651,1488396459,1,31,254),(652,1488396459,1,42,255),(653,1488396459,0,17,256),(654,1488396459,0,32,257),(655,1488396459,1,5,258),(656,1488396459,1,25,259),(657,1488396459,1,0,260),(658,1488396459,1,33,261),(659,1488396459,1,9,262),(660,1488396459,1,27,263),(661,1488396459,1,7,264),(662,1488396459,1,4,265),(663,1488396459,1,5,266),(664,1488396459,0,36,267),(665,1488396459,1,24,268),(666,1488396459,0,40,269),(667,1488396459,1,14,270),(668,1488396459,1,10,271),(669,1488396459,0,37,272),(670,1488396459,1,4,273),(671,1488396459,1,20,274),(672,1488396459,1,16,275),(673,1488396459,1,22,276),(674,1488396459,1,44,277),(675,1488396459,1,19,278),(676,1488396459,1,23,279),(677,1488396459,1,46,280),(678,1488396459,1,13,281),(679,1488396459,1,46,282),(680,1488396459,0,48,283),(681,1488396459,1,39,284),(682,1488396459,1,42,285),(683,1488396459,1,35,286),(684,1488396459,1,39,287),(685,1488396459,1,11,288),(686,1488396459,1,17,289),(687,1488396459,1,7,290),(688,1488396459,1,33,291),(689,1488396459,0,41,292),(690,1488396459,1,32,293),(691,1488396459,1,15,294),(692,1488396459,0,45,295),(693,1488396459,1,11,296),(694,1488396459,1,45,297),(695,1488396459,1,47,298),(696,1488396459,1,47,299),(697,1488396459,1,13,300),(698,1488396459,1,15,301),(699,1488396459,1,2,302),(700,1488396459,1,13,303),(701,1488396459,0,32,304),(702,1488396459,1,34,305),(703,1488396459,1,19,306),(704,1488396459,0,37,307),(705,1488396459,0,27,308),(706,1488396459,1,7,309),(707,1488396459,1,4,310),(708,1488396459,1,33,311),(709,1488396459,1,9,312),(710,1488396459,0,40,313),(711,1488396459,1,2,314),(712,1488396459,1,29,315),(713,1488396459,0,8,316),(714,1488396459,1,37,317),(715,1488396459,1,21,318),(716,1488396459,1,6,319),(717,1488396459,1,6,320),(718,1488396459,1,27,321),(719,1488396459,1,32,322),(720,1488396459,0,42,323),(721,1488396459,0,4,324),(722,1488396459,1,11,325),(723,1488396459,1,4,326),(724,1488396459,1,43,327),(725,1488396459,1,33,328),(726,1488396459,1,11,329),(727,1488396459,1,41,330),(728,1488396459,1,10,331),(729,1488396459,1,8,332),(730,1488396459,1,31,333),(731,1488396459,1,6,334),(732,1488396459,0,25,335),(733,1488396459,0,28,336),(734,1488396459,1,30,337),(735,1488396459,1,10,338),(736,1488396459,1,1,339),(737,1488396459,1,11,340),(738,1488396459,1,49,341),(739,1488396459,1,14,342),(740,1488396459,1,48,343),(741,1488396459,1,8,344),(742,1488396459,1,47,345),(743,1488396459,1,49,346),(744,1488396459,0,21,347),(745,1488396459,1,45,348),(746,1488396459,0,10,349),(747,1488396459,1,4,350),(748,1488396459,1,16,351),(749,1488396459,0,21,352),(750,1488396459,1,34,353),(751,1488396459,0,38,354),(752,1488396459,1,6,355),(753,1488396459,1,23,356),(754,1488396459,1,28,357),(755,1488396459,1,6,358),(756,1488396459,1,0,359),(757,1488396459,1,22,360),(758,1488396459,0,28,361),(759,1488396459,1,0,362),(760,1488396459,1,8,363),(761,1488396459,1,24,364),(762,1488396459,1,25,365),(763,1488396459,1,36,366),(764,1488396459,1,41,367),(765,1488396459,1,0,368),(766,1488396459,1,1,369),(767,1488396459,1,13,370),(768,1488396459,1,8,371),(769,1488396459,1,4,372),(770,1488396459,1,22,373),(771,1488396459,1,16,374),(772,1488396459,1,37,375),(773,1488396459,1,10,376),(774,1488396459,1,25,377),(775,1488396459,1,28,378),(776,1488396459,1,42,379),(777,1488396459,0,14,380),(778,1488396459,1,28,381),(779,1488396459,1,17,382),(780,1488396459,0,39,383),(781,1488396459,1,44,384),(782,1488396459,1,8,385),(783,1488396459,1,44,386),(784,1488396459,1,24,387),(785,1488396459,1,45,388),(786,1488396459,1,13,389),(787,1488396459,0,16,390),(788,1488396459,0,15,391),(789,1488396459,1,35,392),(790,1488396459,1,15,393),(791,1488396459,1,25,394),(792,1488396459,1,12,395),(793,1488396459,1,48,396),(794,1488396459,0,38,397),(795,1488396758,1,2,1),(796,1488396758,1,39,2),(797,1488396758,0,2,3),(798,1488396758,1,21,4),(799,1488396758,1,28,5),(800,1488396758,1,46,6),(801,1488396758,1,27,7),(802,1488396758,1,23,8),(803,1488396758,1,18,9),(804,1488396758,1,43,10),(805,1488396758,1,45,11),(806,1488396758,1,23,12),(807,1488396758,1,20,13),(808,1488396758,1,1,14),(809,1488396758,1,15,15),(810,1488396758,1,6,16),(811,1488396758,1,1,17),(812,1488396758,1,37,18),(813,1488396758,1,32,19),(814,1488396758,1,40,20),(815,1488396758,0,27,21),(816,1488396758,1,11,22),(817,1488396758,0,5,23),(818,1488396758,1,24,24),(819,1488396758,1,26,25),(820,1488396758,1,1,26),(821,1488396758,1,7,27),(822,1488396758,0,1,28),(823,1488396758,1,40,29),(824,1488396758,1,4,30),(825,1488396758,1,34,31),(826,1488396758,0,14,32),(827,1488396758,1,27,33),(828,1488396758,1,3,34),(829,1488396758,1,19,35),(830,1488396758,0,28,36),(831,1488396758,1,42,37),(832,1488396758,0,38,38),(833,1488396758,1,36,39),(834,1488396758,0,41,40),(835,1488396758,1,33,41),(836,1488396758,0,13,42),(837,1488396758,1,23,43),(838,1488396758,1,31,44),(839,1488396758,1,10,45),(840,1488396758,0,22,46),(841,1488396758,1,9,47),(842,1488396758,0,24,48),(843,1488396758,1,26,49),(844,1488396758,1,5,50),(845,1488396758,1,12,51),(846,1488396758,1,32,52),(847,1488396758,1,23,53),(848,1488396758,1,20,54),(849,1488396758,1,18,55),(850,1488396758,1,46,56),(851,1488396758,0,28,57),(852,1488396758,1,0,58),(853,1488396758,1,29,59),(854,1488396758,1,36,60),(855,1488396758,1,0,61),(856,1488396758,1,23,62),(857,1488396758,0,12,63),(858,1488396758,1,15,64),(859,1488396758,1,37,65),(860,1488396758,1,3,66),(861,1488396758,0,3,67),(862,1488396758,0,41,68),(863,1488396758,1,0,69),(864,1488396758,1,30,70),(865,1488396758,1,22,71),(866,1488396758,1,34,72),(867,1488396758,1,20,73),(868,1488396758,1,19,74),(869,1488396758,1,17,75),(870,1488396758,1,0,76),(871,1488396758,1,33,77),(872,1488396758,1,15,78),(873,1488396758,1,19,79),(874,1488396758,1,21,80),(875,1488396758,1,20,81),(876,1488396758,1,12,82),(877,1488396758,1,0,83),(878,1488396758,1,12,84),(879,1488396758,0,31,85),(880,1488396758,1,33,86),(881,1488396758,1,2,87),(882,1488396758,1,9,88),(883,1488396758,1,14,89),(884,1488396758,1,8,90),(885,1488396758,1,41,91),(886,1488396758,1,15,92),(887,1488396758,1,3,93),(888,1488396758,0,15,94),(889,1488396758,1,47,95),(890,1488396758,0,21,96),(891,1488396758,0,1,97),(892,1488396758,1,42,98),(893,1488396758,1,25,99),(894,1488396758,1,1,100),(895,1488396758,0,28,101),(896,1488396758,0,1,102),(897,1488396758,1,31,103),(898,1488396758,0,39,104),(899,1488396758,0,11,105),(900,1488396758,1,11,106),(901,1488396758,1,9,107),(902,1488396758,1,12,108),(903,1488396758,1,9,109),(904,1488396758,0,0,110),(905,1488396758,0,20,111),(906,1488396758,1,29,112),(907,1488396758,1,42,113),(908,1488396758,1,39,114),(909,1488396758,1,38,115),(910,1488396758,0,49,116),(911,1488396758,1,4,117),(912,1488396758,1,7,118),(913,1488396758,1,17,119),(914,1488396758,1,5,120),(915,1488396758,0,46,121),(916,1488396758,0,30,122),(917,1488396758,1,9,123),(918,1488396758,1,4,124),(919,1488396758,1,40,125),(920,1488396758,1,27,126),(921,1488396758,1,20,127),(922,1488396758,1,4,128),(923,1488396758,1,35,129),(924,1488396758,1,39,130),(925,1488396758,0,4,131),(926,1488396758,1,47,132),(927,1488396758,1,49,133),(928,1488396758,1,13,134),(929,1488396758,1,20,135),(930,1488396758,1,47,136),(931,1488396758,1,9,137),(932,1488396758,1,11,138),(933,1488396758,1,44,139),(934,1488396758,1,46,140),(935,1488396758,1,12,141),(936,1488396758,0,35,142),(937,1488396758,1,22,143),(938,1488396758,1,17,144),(939,1488396758,1,13,145),(940,1488396758,0,1,146),(941,1488396758,0,2,147),(942,1488396758,1,13,148),(943,1488396758,0,38,149),(944,1488396758,1,11,150),(945,1488396758,1,9,151),(946,1488396758,1,49,152),(947,1488396758,1,2,153),(948,1488396758,1,49,154),(949,1488396758,1,37,155),(950,1488396758,1,21,156),(951,1488396758,1,6,157),(952,1488396758,1,6,158),(953,1488396758,1,16,159),(954,1488396758,1,0,160),(955,1488396758,1,6,161),(956,1488396758,1,4,162),(957,1488396758,1,44,163),(958,1488396758,0,44,164),(959,1488396758,0,25,165),(960,1488396758,0,6,166),(961,1488396758,1,9,167),(962,1488396758,1,30,168),(963,1488396758,1,29,169),(964,1488396758,1,21,170),(965,1488396758,1,20,171),(966,1488396758,0,20,172),(967,1488396758,1,35,173),(968,1488396758,1,8,174),(969,1488396758,1,19,175),(970,1488396758,0,18,176),(971,1488396758,1,26,177),(972,1488396758,1,43,178),(973,1488396758,1,30,179),(974,1488396758,1,44,180),(975,1488396758,0,10,181),(976,1488396758,0,17,182),(977,1488396758,1,41,183),(978,1488396758,0,36,184),(979,1488396758,1,42,185),(980,1488396758,0,43,186),(981,1488396758,0,31,187),(982,1488396758,0,36,188),(983,1488396758,1,7,189),(984,1488396758,0,9,190),(985,1488396758,1,30,191),(986,1488396758,1,21,192),(987,1488396758,1,27,193),(988,1488396758,1,6,194),(989,1488396758,1,28,195),(990,1488396758,0,7,196),(991,1488396758,1,11,197),(992,1488396758,1,0,198),(993,1488396758,1,35,199),(994,1488396758,1,12,200),(995,1488396758,1,39,201),(996,1488396758,1,43,202),(997,1488396758,1,12,203),(998,1488396758,1,11,204),(999,1488396758,1,46,205),(1000,1488396758,0,35,206),(1001,1488396758,1,0,207),(1002,1488396758,1,45,208),(1003,1488396758,0,0,209),(1004,1488396758,1,46,210),(1005,1488396758,1,20,211),(1006,1488396758,1,30,212),(1007,1488396758,1,32,213),(1008,1488396758,1,49,214),(1009,1488396758,1,20,215),(1010,1488396758,1,32,216),(1011,1488396758,0,12,217),(1012,1488396758,1,31,218),(1013,1488396758,0,18,219),(1014,1488396758,1,17,220),(1015,1488396758,0,4,221),(1016,1488396758,0,10,222),(1017,1488396758,1,14,223),(1018,1488396758,1,6,224),(1019,1488396758,0,48,225),(1020,1488396758,1,29,226),(1021,1488396758,1,11,227),(1022,1488396758,1,38,228),(1023,1488396758,1,24,229),(1024,1488396758,0,29,230),(1025,1488396758,1,20,231),(1026,1488396758,1,43,232),(1027,1488396758,0,13,233),(1028,1488396758,0,0,234),(1029,1488396758,1,40,235),(1030,1488396758,1,24,236),(1031,1488396758,1,47,237),(1032,1488396758,1,28,238),(1033,1488396758,1,14,239),(1034,1488396758,1,6,240),(1035,1488396758,1,5,241),(1036,1488396758,1,24,242),(1037,1488396758,1,24,243),(1038,1488396758,1,10,244),(1039,1488396758,1,4,245),(1040,1488396758,1,4,246),(1041,1488396758,0,43,247),(1042,1488396758,1,4,248),(1043,1488396758,1,38,249),(1044,1488396758,1,16,250),(1045,1488396758,1,33,251),(1046,1488396758,0,37,252),(1047,1488396758,1,24,253),(1048,1488396758,1,31,254),(1049,1488396758,1,3,255),(1050,1488396758,1,46,256),(1051,1488396758,1,21,257),(1052,1488396758,1,14,258),(1053,1488396758,1,19,259),(1054,1488396758,0,5,260),(1055,1488396758,0,31,261),(1056,1488396758,0,41,262),(1057,1488396759,1,9,263),(1058,1488396759,1,6,264),(1059,1488396759,1,36,265),(1060,1488396759,1,27,266),(1061,1488396759,1,15,267),(1062,1488396759,0,9,268),(1063,1488396759,1,49,269),(1064,1488396759,1,20,270),(1065,1488396759,1,14,271),(1066,1488396759,1,30,272),(1067,1488396759,1,47,273),(1068,1488396759,1,19,274),(1069,1488396759,1,7,275),(1070,1488396759,1,2,276),(1071,1488396759,1,39,277),(1072,1488396759,0,25,278),(1073,1488396759,1,19,279),(1074,1488396759,0,13,280),(1075,1488396759,1,19,281),(1076,1488396759,1,16,282),(1077,1488396759,0,0,283),(1078,1488396759,1,17,284),(1079,1488396759,1,37,285),(1080,1488396759,1,40,286),(1081,1488396759,1,36,287),(1082,1488396759,1,28,288),(1083,1488396759,1,28,289),(1084,1488396759,1,12,290),(1085,1488396759,1,7,291),(1086,1488396759,1,4,292),(1087,1488396759,1,2,293),(1088,1488396759,1,5,294),(1089,1488396759,1,5,295),(1090,1488396759,1,48,296),(1091,1488396759,0,49,297),(1092,1488396759,1,39,298),(1093,1488396759,1,42,299),(1094,1488396759,1,17,300),(1095,1488396759,1,42,301),(1096,1488396759,1,24,302),(1097,1488396759,0,41,303),(1098,1488396759,0,42,304),(1099,1488396759,1,36,305),(1100,1488396759,1,19,306),(1101,1488396759,1,13,307),(1102,1488396759,0,16,308),(1103,1488396759,1,49,309),(1104,1488396759,0,16,310),(1105,1488396759,1,4,311),(1106,1488396759,1,10,312),(1107,1488396759,1,49,313),(1108,1488396759,1,11,314),(1109,1488396759,0,15,315),(1110,1488396759,1,4,316),(1111,1488396759,0,29,317),(1112,1488396759,0,20,318),(1113,1488396759,1,3,319),(1114,1488396759,1,32,320),(1115,1488396759,1,43,321),(1116,1488396759,1,15,322),(1117,1488396759,0,43,323),(1118,1488396759,1,4,324),(1119,1488396759,1,44,325),(1120,1488396759,1,11,326),(1121,1488396759,1,30,327),(1122,1488396759,1,22,328),(1123,1488396759,0,18,329),(1124,1488396759,0,21,330),(1125,1488396759,1,45,331),(1126,1488396759,1,1,332),(1127,1488396759,1,25,333),(1128,1488396759,1,23,334),(1129,1488396759,1,22,335),(1130,1488396759,0,42,336),(1131,1488396759,1,42,337),(1132,1488396759,0,23,338),(1133,1488396759,1,18,339),(1134,1488396759,1,20,340),(1135,1488396759,1,35,341),(1136,1488396759,1,1,342),(1137,1488396759,1,41,343),(1138,1488396759,1,37,344),(1139,1488396759,0,28,345),(1140,1488396759,1,4,346),(1141,1488396759,1,49,347),(1142,1488396759,1,20,348),(1143,1488396759,1,13,349),(1144,1488396759,1,12,350),(1145,1488396759,1,17,351),(1146,1488396759,1,45,352),(1147,1488396759,1,42,353),(1148,1488396759,1,39,354),(1149,1488396759,1,32,355),(1150,1488396759,1,15,356),(1151,1488396759,1,42,357),(1152,1488396759,1,0,358),(1153,1488396759,1,43,359),(1154,1488396759,0,13,360),(1155,1488396759,1,44,361),(1156,1488396759,1,41,362),(1157,1488396759,1,22,363),(1158,1488396759,1,17,364),(1159,1488396759,1,32,365),(1160,1488396759,0,2,366),(1161,1488396759,1,2,367),(1162,1488396759,1,45,368),(1163,1488396759,1,48,369),(1164,1488396759,0,0,370),(1165,1488396759,1,33,371),(1166,1488396759,1,43,372),(1167,1488396759,1,40,373),(1168,1488396759,0,48,374),(1169,1488396759,1,42,375),(1170,1488396759,1,12,376),(1171,1488396759,1,46,377),(1172,1488396759,1,13,378),(1173,1488396759,0,22,379),(1174,1488396759,1,22,380),(1175,1488396759,1,24,381),(1176,1488396759,0,19,382),(1177,1488396759,1,26,383),(1178,1488396759,0,40,384),(1179,1488396759,1,16,385),(1180,1488396759,0,35,386),(1181,1488396759,1,11,387),(1182,1488396759,1,12,388),(1183,1488396759,1,38,389),(1184,1488396759,0,20,390),(1185,1488396759,1,33,391),(1186,1488396759,0,9,392),(1187,1488396759,1,28,393),(1188,1488396759,1,7,394),(1189,1488396759,1,46,395),(1190,1488396759,1,18,396),(1191,1488396759,1,0,397),(1192,1488397058,1,16,1),(1193,1488397058,1,36,2),(1194,1488397058,1,37,3),(1195,1488397058,1,24,4),(1196,1488397058,1,23,5),(1197,1488397058,1,17,6),(1198,1488397058,1,1,7),(1199,1488397058,1,13,8),(1200,1488397058,1,22,9),(1201,1488397058,0,48,10),(1202,1488397058,1,18,11),(1203,1488397058,0,13,12),(1204,1488397058,1,15,13),(1205,1488397058,1,46,14),(1206,1488397058,1,10,15),(1207,1488397058,1,42,16),(1208,1488397058,1,4,17),(1209,1488397058,1,6,18),(1210,1488397058,1,24,19),(1211,1488397058,1,28,20),(1212,1488397058,1,3,21),(1213,1488397058,1,13,22),(1214,1488397058,1,29,23),(1215,1488397058,0,33,24),(1216,1488397058,1,27,25),(1217,1488397058,0,32,26),(1218,1488397058,1,42,27),(1219,1488397058,1,9,28),(1220,1488397058,0,30,29),(1221,1488397058,1,16,30),(1222,1488397058,1,15,31),(1223,1488397058,1,15,32),(1224,1488397058,1,40,33),(1225,1488397058,0,31,34),(1226,1488397058,0,6,35),(1227,1488397058,1,33,36),(1228,1488397058,1,36,37),(1229,1488397058,0,47,38),(1230,1488397058,0,8,39),(1231,1488397058,0,22,40),(1232,1488397058,1,6,41),(1233,1488397058,1,8,42),(1234,1488397058,0,8,43),(1235,1488397058,1,15,44),(1236,1488397058,0,7,45),(1237,1488397058,1,17,46),(1238,1488397058,1,20,47),(1239,1488397058,1,36,48),(1240,1488397058,0,27,49),(1241,1488397058,1,34,50),(1242,1488397058,1,39,51),(1243,1488397058,1,19,52),(1244,1488397058,1,25,53),(1245,1488397058,1,27,54),(1246,1488397058,1,14,55),(1247,1488397058,0,23,56),(1248,1488397058,1,46,57),(1249,1488397058,1,26,58),(1250,1488397058,1,48,59),(1251,1488397058,1,0,60),(1252,1488397058,1,19,61),(1253,1488397058,1,31,62),(1254,1488397058,0,15,63),(1255,1488397058,1,46,64),(1256,1488397058,0,41,65),(1257,1488397058,1,42,66),(1258,1488397058,1,22,67),(1259,1488397058,1,43,68),(1260,1488397058,1,34,69),(1261,1488397058,1,31,70),(1262,1488397058,1,26,71),(1263,1488397058,0,38,72),(1264,1488397058,0,15,73),(1265,1488397058,0,47,74),(1266,1488397058,1,22,75),(1267,1488397058,1,35,76),(1268,1488397058,1,14,77),(1269,1488397058,1,4,78),(1270,1488397058,1,23,79),(1271,1488397058,1,1,80),(1272,1488397058,1,9,81),(1273,1488397058,1,24,82),(1274,1488397058,0,22,83),(1275,1488397058,0,49,84),(1276,1488397058,1,6,85),(1277,1488397058,1,0,86),(1278,1488397058,1,3,87),(1279,1488397058,0,19,88),(1280,1488397058,1,21,89),(1281,1488397058,1,7,90),(1282,1488397058,1,38,91),(1283,1488397058,0,41,92),(1284,1488397058,1,4,93),(1285,1488397058,1,29,94),(1286,1488397058,1,18,95),(1287,1488397058,1,34,96),(1288,1488397058,1,28,97),(1289,1488397058,1,49,98),(1290,1488397058,1,21,99),(1291,1488397058,0,48,100),(1292,1488397058,1,40,101),(1293,1488397058,1,30,102),(1294,1488397058,1,39,103),(1295,1488397058,1,33,104),(1296,1488397058,0,21,105),(1297,1488397058,1,2,106),(1298,1488397058,1,10,107),(1299,1488397058,0,30,108),(1300,1488397058,1,40,109),(1301,1488397058,0,35,110),(1302,1488397058,1,24,111),(1303,1488397058,1,29,112),(1304,1488397058,1,30,113),(1305,1488397058,1,3,114),(1306,1488397058,1,27,115),(1307,1488397058,1,49,116),(1308,1488397058,1,48,117),(1309,1488397058,1,3,118),(1310,1488397058,0,48,119),(1311,1488397058,1,48,120),(1312,1488397058,1,5,121),(1313,1488397058,0,21,122),(1314,1488397058,1,10,123),(1315,1488397058,1,36,124),(1316,1488397058,1,9,125),(1317,1488397058,1,40,126),(1318,1488397058,0,39,127),(1319,1488397058,1,24,128),(1320,1488397058,1,34,129),(1321,1488397058,0,42,130),(1322,1488397058,1,29,131),(1323,1488397058,1,16,132),(1324,1488397058,1,31,133),(1325,1488397058,0,17,134),(1326,1488397058,1,24,135),(1327,1488397058,1,25,136),(1328,1488397058,1,49,137),(1329,1488397058,1,28,138),(1330,1488397058,0,39,139),(1331,1488397058,1,2,140),(1332,1488397058,1,20,141),(1333,1488397058,1,49,142),(1334,1488397058,1,35,143),(1335,1488397058,1,24,144),(1336,1488397058,1,45,145),(1337,1488397058,1,16,146),(1338,1488397058,1,1,147),(1339,1488397058,1,34,148),(1340,1488397058,0,12,149),(1341,1488397058,0,2,150),(1342,1488397058,1,22,151),(1343,1488397058,1,39,152),(1344,1488397058,1,37,153),(1345,1488397058,1,44,154),(1346,1488397058,1,26,155),(1347,1488397058,0,11,156),(1348,1488397058,1,48,157),(1349,1488397058,1,9,158),(1350,1488397058,1,41,159),(1351,1488397058,1,38,160),(1352,1488397058,0,12,161),(1353,1488397058,1,35,162),(1354,1488397058,1,19,163),(1355,1488397058,1,22,164),(1356,1488397058,1,2,165),(1357,1488397058,1,23,166),(1358,1488397058,1,5,167),(1359,1488397058,1,21,168),(1360,1488397058,1,43,169),(1361,1488397058,1,5,170),(1362,1488397058,1,15,171),(1363,1488397058,1,26,172),(1364,1488397058,0,15,173),(1365,1488397058,1,32,174),(1366,1488397058,1,2,175),(1367,1488397058,1,34,176),(1368,1488397058,1,42,177),(1369,1488397058,1,37,178),(1370,1488397058,1,11,179),(1371,1488397058,0,30,180),(1372,1488397058,1,29,181),(1373,1488397058,1,23,182),(1374,1488397058,1,39,183),(1375,1488397058,1,21,184),(1376,1488397058,0,1,185),(1377,1488397058,1,44,186),(1378,1488397058,1,38,187),(1379,1488397058,0,2,188),(1380,1488397058,0,4,189),(1381,1488397058,1,33,190),(1382,1488397058,1,10,191),(1383,1488397058,1,46,192),(1384,1488397058,1,27,193),(1385,1488397058,0,7,194),(1386,1488397058,1,4,195),(1387,1488397058,1,32,196),(1388,1488397058,1,9,197),(1389,1488397058,1,47,198),(1390,1488397058,1,3,199),(1391,1488397058,1,22,200),(1392,1488397058,1,38,201),(1393,1488397058,1,5,202),(1394,1488397058,1,22,203),(1395,1488397058,1,43,204),(1396,1488397058,0,12,205),(1397,1488397058,0,35,206),(1398,1488397058,1,29,207),(1399,1488397058,0,45,208),(1400,1488397058,1,22,209),(1401,1488397058,1,7,210),(1402,1488397058,1,34,211),(1403,1488397058,1,37,212),(1404,1488397058,0,19,213),(1405,1488397058,1,22,214),(1406,1488397058,1,10,215),(1407,1488397058,1,39,216),(1408,1488397058,0,34,217),(1409,1488397058,1,11,218),(1410,1488397058,1,46,219),(1411,1488397058,1,37,220),(1412,1488397058,1,28,221),(1413,1488397058,1,20,222),(1414,1488397058,0,48,223),(1415,1488397058,1,10,224),(1416,1488397058,1,0,225),(1417,1488397058,0,10,226),(1418,1488397058,1,41,227),(1419,1488397058,1,27,228),(1420,1488397058,1,37,229),(1421,1488397058,1,16,230),(1422,1488397058,1,11,231),(1423,1488397058,0,1,232),(1424,1488397058,1,3,233),(1425,1488397058,0,23,234),(1426,1488397058,0,40,235),(1427,1488397058,1,3,236),(1428,1488397058,0,0,237),(1429,1488397058,1,2,238),(1430,1488397058,1,17,239),(1431,1488397058,1,19,240),(1432,1488397058,0,35,241),(1433,1488397058,1,8,242),(1434,1488397058,1,35,243),(1435,1488397058,1,43,244),(1436,1488397058,0,40,245),(1437,1488397058,1,41,246),(1438,1488397058,1,3,247),(1439,1488397058,1,16,248),(1440,1488397058,0,16,249),(1441,1488397058,1,47,250),(1442,1488397058,1,41,251),(1443,1488397058,1,35,252),(1444,1488397058,0,11,253),(1445,1488397058,1,19,254),(1446,1488397058,1,11,255),(1447,1488397058,1,45,256),(1448,1488397058,1,1,257),(1449,1488397058,1,44,258),(1450,1488397058,1,32,259),(1451,1488397058,1,37,260),(1452,1488397058,1,47,261),(1453,1488397058,1,38,262),(1454,1488397058,1,5,263),(1455,1488397058,1,31,264),(1456,1488397058,1,17,265),(1457,1488397058,1,30,266),(1458,1488397058,0,48,267),(1459,1488397058,0,8,268),(1460,1488397058,1,31,269),(1461,1488397058,1,8,270),(1462,1488397058,1,48,271),(1463,1488397058,1,24,272),(1464,1488397058,1,21,273),(1465,1488397058,1,45,274),(1466,1488397058,1,40,275),(1467,1488397058,1,42,276),(1468,1488397058,0,21,277),(1469,1488397058,1,42,278),(1470,1488397058,1,2,279),(1471,1488397058,1,17,280),(1472,1488397058,0,47,281),(1473,1488397058,1,17,282),(1474,1488397058,1,21,283),(1475,1488397058,1,7,284),(1476,1488397058,1,22,285),(1477,1488397058,0,39,286),(1478,1488397058,1,18,287),(1479,1488397058,1,48,288),(1480,1488397058,1,22,289),(1481,1488397058,1,10,290),(1482,1488397058,1,25,291),(1483,1488397058,1,7,292),(1484,1488397058,1,49,293),(1485,1488397058,1,13,294),(1486,1488397058,1,47,295),(1487,1488397058,1,35,296),(1488,1488397058,0,9,297),(1489,1488397058,1,44,298),(1490,1488397058,0,12,299),(1491,1488397058,1,35,300),(1492,1488397058,0,49,301),(1493,1488397058,1,27,302),(1494,1488397058,1,8,303),(1495,1488397058,0,9,304),(1496,1488397058,1,21,305),(1497,1488397058,0,7,306),(1498,1488397058,1,29,307),(1499,1488397058,1,43,308),(1500,1488397058,0,25,309),(1501,1488397058,1,4,310),(1502,1488397058,0,34,311),(1503,1488397058,1,19,312),(1504,1488397058,1,14,313),(1505,1488397058,0,32,314),(1506,1488397058,0,25,315),(1507,1488397058,1,11,316),(1508,1488397058,1,41,317),(1509,1488397058,1,8,318),(1510,1488397058,0,37,319),(1511,1488397058,1,13,320),(1512,1488397058,1,43,321),(1513,1488397058,1,8,322),(1514,1488397058,1,47,323),(1515,1488397058,1,47,324),(1516,1488397058,1,19,325),(1517,1488397058,1,25,326),(1518,1488397058,1,33,327),(1519,1488397058,1,13,328),(1520,1488397058,0,49,329),(1521,1488397058,1,25,330),(1522,1488397058,1,39,331),(1523,1488397058,1,29,332),(1524,1488397058,0,18,333),(1525,1488397058,1,26,334),(1526,1488397058,1,23,335),(1527,1488397058,1,35,336),(1528,1488397058,1,14,337),(1529,1488397059,1,15,338),(1530,1488397059,1,33,339),(1531,1488397059,1,21,340),(1532,1488397059,0,11,341),(1533,1488397059,0,15,342),(1534,1488397059,1,37,343),(1535,1488397059,1,23,344),(1536,1488397059,1,36,345),(1537,1488397059,0,16,346),(1538,1488397059,1,9,347),(1539,1488397059,1,18,348),(1540,1488397059,1,30,349),(1541,1488397059,0,34,350),(1542,1488397059,1,27,351),(1543,1488397059,1,15,352),(1544,1488397059,1,46,353),(1545,1488397059,0,16,354),(1546,1488397059,1,7,355),(1547,1488397059,1,20,356),(1548,1488397059,1,42,357),(1549,1488397059,1,15,358),(1550,1488397059,1,3,359),(1551,1488397059,1,12,360),(1552,1488397059,0,1,361),(1553,1488397059,1,46,362),(1554,1488397059,1,44,363),(1555,1488397059,1,7,364),(1556,1488397059,1,3,365),(1557,1488397059,1,35,366),(1558,1488397059,1,22,367),(1559,1488397059,1,46,368),(1560,1488397059,1,15,369),(1561,1488397059,0,44,370),(1562,1488397059,1,47,371),(1563,1488397059,0,24,372),(1564,1488397059,1,41,373),(1565,1488397059,1,27,374),(1566,1488397059,1,27,375),(1567,1488397059,1,13,376),(1568,1488397059,1,47,377),(1569,1488397059,1,16,378),(1570,1488397059,1,18,379),(1571,1488397059,1,18,380),(1572,1488397059,1,30,381),(1573,1488397059,1,4,382),(1574,1488397059,1,12,383),(1575,1488397059,0,43,384),(1576,1488397059,0,4,385),(1577,1488397059,1,8,386),(1578,1488397059,1,2,387),(1579,1488397059,0,37,388),(1580,1488397059,1,18,389),(1581,1488397059,1,43,390),(1582,1488397059,1,17,391),(1583,1488397059,1,41,392),(1584,1488397059,1,9,393),(1585,1488397059,0,12,394),(1586,1488397059,1,42,395),(1587,1488397059,0,28,396),(1588,1488397059,0,7,397),(1589,1488397358,0,14,1),(1590,1488397358,1,3,2),(1591,1488397358,1,15,3),(1592,1488397358,1,14,4),(1593,1488397358,1,31,5),(1594,1488397358,1,31,6),(1595,1488397358,0,29,7),(1596,1488397358,1,39,8),(1597,1488397358,1,19,9),(1598,1488397358,1,15,10),(1599,1488397358,1,27,11),(1600,1488397358,1,42,12),(1601,1488397358,1,41,13),(1602,1488397358,1,36,14),(1603,1488397358,1,29,15),(1604,1488397358,1,30,16),(1605,1488397358,1,5,17),(1606,1488397358,1,36,18),(1607,1488397358,1,3,19),(1608,1488397358,1,11,20),(1609,1488397358,1,6,21),(1610,1488397358,0,9,22),(1611,1488397358,1,20,23),(1612,1488397358,0,27,24),(1613,1488397358,0,22,25),(1614,1488397358,1,22,26),(1615,1488397358,0,10,27),(1616,1488397358,0,37,28),(1617,1488397358,1,16,29),(1618,1488397358,1,15,30),(1619,1488397358,0,41,31),(1620,1488397358,0,27,32),(1621,1488397358,1,36,33),(1622,1488397358,1,45,34),(1623,1488397358,1,0,35),(1624,1488397358,1,16,36),(1625,1488397358,0,46,37),(1626,1488397358,1,2,38),(1627,1488397358,1,46,39),(1628,1488397358,1,43,40),(1629,1488397358,0,7,41),(1630,1488397358,1,35,42),(1631,1488397358,0,24,43),(1632,1488397358,0,19,44),(1633,1488397358,1,20,45),(1634,1488397358,1,12,46),(1635,1488397358,1,38,47),(1636,1488397358,1,10,48),(1637,1488397358,1,2,49),(1638,1488397358,1,24,50),(1639,1488397358,1,48,51),(1640,1488397358,0,21,52),(1641,1488397358,1,21,53),(1642,1488397358,1,16,54),(1643,1488397358,1,1,55),(1644,1488397358,0,24,56),(1645,1488397358,1,29,57),(1646,1488397358,0,31,58),(1647,1488397358,1,44,59),(1648,1488397358,1,22,60),(1649,1488397358,0,15,61),(1650,1488397358,1,6,62),(1651,1488397358,1,39,63),(1652,1488397358,0,2,64),(1653,1488397358,1,26,65),(1654,1488397358,0,43,66),(1655,1488397358,1,21,67),(1656,1488397358,1,29,68),(1657,1488397358,1,25,69),(1658,1488397358,1,39,70),(1659,1488397358,1,44,71),(1660,1488397358,1,6,72),(1661,1488397358,0,11,73),(1662,1488397358,1,44,74),(1663,1488397358,1,49,75),(1664,1488397358,1,45,76),(1665,1488397358,0,6,77),(1666,1488397358,1,26,78),(1667,1488397358,1,34,79),(1668,1488397358,1,43,80),(1669,1488397358,1,39,81),(1670,1488397358,1,9,82),(1671,1488397358,1,46,83),(1672,1488397358,0,26,84),(1673,1488397358,1,4,85),(1674,1488397358,1,2,86),(1675,1488397358,1,2,87),(1676,1488397358,0,20,88),(1677,1488397358,1,39,89),(1678,1488397358,1,7,90),(1679,1488397358,1,8,91),(1680,1488397358,0,32,92),(1681,1488397358,1,35,93),(1682,1488397358,1,21,94),(1683,1488397358,1,13,95),(1684,1488397358,1,33,96),(1685,1488397358,1,47,97),(1686,1488397358,1,4,98),(1687,1488397358,1,11,99),(1688,1488397358,1,35,100),(1689,1488397358,1,21,101),(1690,1488397358,1,11,102),(1691,1488397358,1,29,103),(1692,1488397358,0,2,104),(1693,1488397358,1,16,105),(1694,1488397358,1,35,106),(1695,1488397358,1,30,107),(1696,1488397358,1,6,108),(1697,1488397358,1,21,109),(1698,1488397358,1,39,110),(1699,1488397358,1,13,111),(1700,1488397358,1,15,112),(1701,1488397358,1,10,113),(1702,1488397358,0,31,114),(1703,1488397358,1,26,115),(1704,1488397358,1,1,116),(1705,1488397358,1,49,117),(1706,1488397358,1,37,118),(1707,1488397358,1,32,119),(1708,1488397358,0,13,120),(1709,1488397358,1,45,121),(1710,1488397358,1,17,122),(1711,1488397358,1,36,123),(1712,1488397358,1,2,124),(1713,1488397358,1,12,125),(1714,1488397358,0,49,126),(1715,1488397358,1,49,127),(1716,1488397358,1,38,128),(1717,1488397358,1,40,129),(1718,1488397358,0,21,130),(1719,1488397358,1,22,131),(1720,1488397358,1,1,132),(1721,1488397358,1,21,133),(1722,1488397358,1,39,134),(1723,1488397358,1,47,135),(1724,1488397358,1,48,136),(1725,1488397358,0,1,137),(1726,1488397358,1,39,138),(1727,1488397358,1,39,139),(1728,1488397358,1,4,140),(1729,1488397358,1,38,141),(1730,1488397358,0,15,142),(1731,1488397358,0,14,143),(1732,1488397358,1,37,144),(1733,1488397358,1,3,145),(1734,1488397358,1,49,146),(1735,1488397358,1,8,147),(1736,1488397358,0,12,148),(1737,1488397358,0,16,149),(1738,1488397358,1,30,150),(1739,1488397358,1,49,151),(1740,1488397358,1,33,152),(1741,1488397358,1,27,153),(1742,1488397358,1,25,154),(1743,1488397358,1,31,155),(1744,1488397358,1,15,156),(1745,1488397358,1,47,157),(1746,1488397358,1,23,158),(1747,1488397358,1,21,159),(1748,1488397358,1,36,160),(1749,1488397358,1,28,161),(1750,1488397358,1,12,162),(1751,1488397358,0,41,163),(1752,1488397358,1,4,164),(1753,1488397358,1,31,165),(1754,1488397358,0,25,166),(1755,1488397358,1,19,167),(1756,1488397358,1,13,168),(1757,1488397358,1,24,169),(1758,1488397358,1,32,170),(1759,1488397358,1,27,171),(1760,1488397358,0,24,172),(1761,1488397358,1,38,173),(1762,1488397358,0,41,174),(1763,1488397358,1,21,175),(1764,1488397358,0,1,176),(1765,1488397358,1,36,177),(1766,1488397358,1,2,178),(1767,1488397358,1,0,179),(1768,1488397358,1,25,180),(1769,1488397358,1,49,181),(1770,1488397358,1,2,182),(1771,1488397358,1,45,183),(1772,1488397358,0,24,184),(1773,1488397358,1,11,185),(1774,1488397358,0,32,186),(1775,1488397358,1,8,187),(1776,1488397358,1,7,188),(1777,1488397358,0,35,189),(1778,1488397358,1,38,190),(1779,1488397358,1,45,191),(1780,1488397358,1,15,192),(1781,1488397358,0,35,193),(1782,1488397358,1,34,194),(1783,1488397358,0,11,195),(1784,1488397358,0,41,196),(1785,1488397358,1,31,197),(1786,1488397358,1,5,198),(1787,1488397358,1,6,199),(1788,1488397358,1,27,200),(1789,1488397358,0,43,201),(1790,1488397358,1,47,202),(1791,1488397358,0,49,203),(1792,1488397358,1,33,204),(1793,1488397358,1,22,205),(1794,1488397358,1,40,206),(1795,1488397358,0,39,207),(1796,1488397358,1,15,208),(1797,1488397358,0,18,209),(1798,1488397358,1,38,210),(1799,1488397358,1,37,211),(1800,1488397358,1,14,212),(1801,1488397358,1,46,213),(1802,1488397358,1,7,214),(1803,1488397358,1,11,215),(1804,1488397358,1,25,216),(1805,1488397358,1,18,217),(1806,1488397358,1,20,218),(1807,1488397358,1,29,219),(1808,1488397358,1,13,220),(1809,1488397358,1,20,221),(1810,1488397358,1,10,222),(1811,1488397358,1,44,223),(1812,1488397358,1,3,224),(1813,1488397358,0,6,225),(1814,1488397358,1,3,226),(1815,1488397358,1,12,227),(1816,1488397358,1,19,228),(1817,1488397358,0,0,229),(1818,1488397358,1,22,230),(1819,1488397358,1,27,231),(1820,1488397358,0,25,232),(1821,1488397358,1,12,233),(1822,1488397358,1,23,234),(1823,1488397358,1,10,235),(1824,1488397358,1,38,236),(1825,1488397358,0,14,237),(1826,1488397358,1,47,238),(1827,1488397358,1,33,239),(1828,1488397358,1,29,240),(1829,1488397358,1,4,241),(1830,1488397358,1,12,242),(1831,1488397358,1,17,243),(1832,1488397358,1,1,244),(1833,1488397358,1,17,245),(1834,1488397358,0,7,246),(1835,1488397358,1,10,247),(1836,1488397358,1,28,248),(1837,1488397358,1,32,249),(1838,1488397358,0,26,250),(1839,1488397358,1,15,251),(1840,1488397358,1,12,252),(1841,1488397358,1,48,253),(1842,1488397358,0,25,254),(1843,1488397358,1,33,255),(1844,1488397358,0,32,256),(1845,1488397358,0,3,257),(1846,1488397358,0,40,258),(1847,1488397358,1,0,259),(1848,1488397358,1,41,260),(1849,1488397358,1,33,261),(1850,1488397358,1,2,262),(1851,1488397358,1,28,263),(1852,1488397358,1,40,264),(1853,1488397358,0,27,265),(1854,1488397358,1,39,266),(1855,1488397358,1,1,267),(1856,1488397358,1,22,268),(1857,1488397358,1,47,269),(1858,1488397358,0,36,270),(1859,1488397358,1,40,271),(1860,1488397358,1,36,272),(1861,1488397358,1,47,273),(1862,1488397358,1,33,274),(1863,1488397358,1,49,275),(1864,1488397358,1,2,276),(1865,1488397358,1,38,277),(1866,1488397358,1,25,278),(1867,1488397358,1,11,279),(1868,1488397358,1,49,280),(1869,1488397358,1,20,281),(1870,1488397358,1,42,282),(1871,1488397358,1,37,283),(1872,1488397358,1,41,284),(1873,1488397358,1,5,285),(1874,1488397358,0,34,286),(1875,1488397358,1,45,287),(1876,1488397358,1,3,288),(1877,1488397358,1,16,289),(1878,1488397358,1,27,290),(1879,1488397358,0,40,291),(1880,1488397358,0,37,292),(1881,1488397358,1,30,293),(1882,1488397358,1,44,294),(1883,1488397358,1,47,295),(1884,1488397358,1,21,296),(1885,1488397358,0,26,297),(1886,1488397358,1,48,298),(1887,1488397358,1,40,299),(1888,1488397358,1,27,300),(1889,1488397358,1,30,301),(1890,1488397358,0,2,302),(1891,1488397358,1,45,303),(1892,1488397358,1,28,304),(1893,1488397358,1,14,305),(1894,1488397358,1,29,306),(1895,1488397358,0,32,307),(1896,1488397358,1,29,308),(1897,1488397358,0,8,309),(1898,1488397358,1,23,310),(1899,1488397358,1,33,311),(1900,1488397358,1,2,312),(1901,1488397358,1,22,313),(1902,1488397358,1,2,314),(1903,1488397358,1,5,315),(1904,1488397358,1,43,316),(1905,1488397358,1,20,317),(1906,1488397358,1,47,318),(1907,1488397358,1,8,319),(1908,1488397358,1,19,320),(1909,1488397358,0,17,321),(1910,1488397358,1,30,322),(1911,1488397358,0,29,323),(1912,1488397358,1,24,324),(1913,1488397358,1,8,325),(1914,1488397358,1,23,326),(1915,1488397358,1,47,327),(1916,1488397358,1,40,328),(1917,1488397358,1,16,329),(1918,1488397358,1,49,330),(1919,1488397358,1,19,331),(1920,1488397358,1,48,332),(1921,1488397358,1,21,333),(1922,1488397358,1,46,334),(1923,1488397358,0,39,335),(1924,1488397358,1,20,336),(1925,1488397358,1,11,337),(1926,1488397358,1,35,338),(1927,1488397358,1,35,339),(1928,1488397358,1,37,340),(1929,1488397358,1,2,341),(1930,1488397358,1,33,342),(1931,1488397358,1,16,343),(1932,1488397358,1,41,344),(1933,1488397358,1,3,345),(1934,1488397358,1,29,346),(1935,1488397358,1,46,347),(1936,1488397358,1,14,348),(1937,1488397358,1,38,349),(1938,1488397358,1,11,350),(1939,1488397358,1,34,351),(1940,1488397358,1,0,352),(1941,1488397358,0,43,353),(1942,1488397358,1,31,354),(1943,1488397358,0,9,355),(1944,1488397358,0,40,356),(1945,1488397358,1,41,357),(1946,1488397358,1,35,358),(1947,1488397358,1,3,359),(1948,1488397358,1,46,360),(1949,1488397358,1,24,361),(1950,1488397358,1,10,362),(1951,1488397358,1,29,363),(1952,1488397358,0,47,364),(1953,1488397358,1,28,365),(1954,1488397358,0,46,366),(1955,1488397358,1,20,367),(1956,1488397358,0,19,368),(1957,1488397358,1,41,369),(1958,1488397358,0,27,370),(1959,1488397358,1,35,371),(1960,1488397358,1,3,372),(1961,1488397358,1,3,373),(1962,1488397358,0,46,374),(1963,1488397358,1,18,375),(1964,1488397358,1,40,376),(1965,1488397358,1,35,377),(1966,1488397358,1,44,378),(1967,1488397358,1,40,379),(1968,1488397358,1,29,380),(1969,1488397358,1,16,381),(1970,1488397358,1,49,382),(1971,1488397358,1,41,383),(1972,1488397358,0,8,384),(1973,1488397358,1,9,385),(1974,1488397358,1,35,386),(1975,1488397358,1,39,387),(1976,1488397358,1,43,388),(1977,1488397358,1,11,389),(1978,1488397358,1,43,390),(1979,1488397358,1,49,391),(1980,1488397358,1,2,392),(1981,1488397358,1,17,393),(1982,1488397358,1,10,394),(1983,1488397358,1,33,395),(1984,1488397358,1,48,396),(1985,1488397358,0,42,397),(1986,1488397658,1,3,1),(1987,1488397658,0,24,2),(1988,1488397658,1,5,3),(1989,1488397658,1,5,4),(1990,1488397658,1,21,5),(1991,1488397658,1,0,6),(1992,1488397658,1,41,7),(1993,1488397658,1,17,8),(1994,1488397658,0,44,9),(1995,1488397658,1,1,10),(1996,1488397658,1,1,11),(1997,1488397658,1,47,12),(1998,1488397658,1,38,13),(1999,1488397658,1,39,14),(2000,1488397658,1,16,15),(2001,1488397658,1,18,16),(2002,1488397658,0,18,17),(2003,1488397658,1,36,18),(2004,1488397658,1,9,19),(2005,1488397658,1,30,20),(2006,1488397658,1,18,21),(2007,1488397658,1,41,22),(2008,1488397658,1,47,23),(2009,1488397658,1,39,24),(2010,1488397658,0,47,25),(2011,1488397658,1,0,26),(2012,1488397658,0,29,27),(2013,1488397658,1,9,28),(2014,1488397658,1,1,29),(2015,1488397658,1,18,30),(2016,1488397658,1,3,31),(2017,1488397658,1,18,32),(2018,1488397658,1,23,33),(2019,1488397658,1,32,34),(2020,1488397658,1,40,35),(2021,1488397658,1,17,36),(2022,1488397658,1,8,37),(2023,1488397658,1,3,38),(2024,1488397658,1,2,39),(2025,1488397658,1,28,40),(2026,1488397658,1,26,41),(2027,1488397658,0,21,42),(2028,1488397658,1,11,43),(2029,1488397658,0,18,44),(2030,1488397658,1,36,45),(2031,1488397658,1,11,46),(2032,1488397658,1,30,47),(2033,1488397658,1,1,48),(2034,1488397658,1,48,49),(2035,1488397658,1,2,50),(2036,1488397658,1,25,51),(2037,1488397658,1,30,52),(2038,1488397658,1,27,53),(2039,1488397658,0,48,54),(2040,1488397658,0,34,55),(2041,1488397658,1,41,56),(2042,1488397658,1,12,57),(2043,1488397658,1,6,58),(2044,1488397658,1,8,59),(2045,1488397658,1,45,60),(2046,1488397658,1,5,61),(2047,1488397658,1,3,62),(2048,1488397658,1,44,63),(2049,1488397658,1,25,64),(2050,1488397658,1,31,65),(2051,1488397658,1,21,66),(2052,1488397658,1,42,67),(2053,1488397658,1,38,68),(2054,1488397658,1,15,69),(2055,1488397658,0,24,70),(2056,1488397658,1,17,71),(2057,1488397658,1,27,72),(2058,1488397658,1,44,73),(2059,1488397658,1,27,74),(2060,1488397658,1,1,75),(2061,1488397658,1,21,76),(2062,1488397658,0,31,77),(2063,1488397658,1,7,78),(2064,1488397658,1,20,79),(2065,1488397658,1,8,80),(2066,1488397658,1,37,81),(2067,1488397658,1,39,82),(2068,1488397658,1,23,83),(2069,1488397658,1,48,84),(2070,1488397658,0,49,85),(2071,1488397658,1,3,86),(2072,1488397658,0,43,87),(2073,1488397658,1,29,88),(2074,1488397658,1,15,89),(2075,1488397658,1,49,90),(2076,1488397658,1,24,91),(2077,1488397658,0,11,92),(2078,1488397658,0,46,93),(2079,1488397658,0,42,94),(2080,1488397658,1,0,95),(2081,1488397658,1,12,96),(2082,1488397658,0,40,97),(2083,1488397658,0,7,98),(2084,1488397658,1,11,99),(2085,1488397658,1,41,100),(2086,1488397658,0,20,101),(2087,1488397658,1,38,102),(2088,1488397658,1,0,103),(2089,1488397658,1,36,104),(2090,1488397658,1,48,105),(2091,1488397658,1,28,106),(2092,1488397658,1,41,107),(2093,1488397658,1,32,108),(2094,1488397658,1,29,109),(2095,1488397658,1,41,110),(2096,1488397658,1,21,111),(2097,1488397658,1,48,112),(2098,1488397658,1,20,113),(2099,1488397658,1,37,114),(2100,1488397658,1,40,115),(2101,1488397658,1,4,116),(2102,1488397658,1,8,117),(2103,1488397658,1,13,118),(2104,1488397658,1,27,119),(2105,1488397658,0,46,120),(2106,1488397658,1,49,121),(2107,1488397658,1,23,122),(2108,1488397658,1,30,123),(2109,1488397658,1,47,124),(2110,1488397658,1,30,125),(2111,1488397658,1,20,126),(2112,1488397658,1,19,127),(2113,1488397658,1,27,128),(2114,1488397658,1,47,129),(2115,1488397658,1,42,130),(2116,1488397658,0,7,131),(2117,1488397658,1,27,132),(2118,1488397658,1,12,133),(2119,1488397658,1,42,134),(2120,1488397658,1,27,135),(2121,1488397658,1,23,136),(2122,1488397658,1,47,137),(2123,1488397658,1,27,138),(2124,1488397658,1,4,139),(2125,1488397658,1,13,140),(2126,1488397658,1,39,141),(2127,1488397658,0,45,142),(2128,1488397658,1,20,143),(2129,1488397658,1,4,144),(2130,1488397658,1,8,145),(2131,1488397658,1,14,146),(2132,1488397658,1,8,147),(2133,1488397658,1,32,148),(2134,1488397658,1,29,149),(2135,1488397658,0,3,150),(2136,1488397658,0,5,151),(2137,1488397658,1,48,152),(2138,1488397658,1,41,153),(2139,1488397658,0,31,154),(2140,1488397658,1,7,155),(2141,1488397658,1,46,156),(2142,1488397658,0,43,157),(2143,1488397658,1,47,158),(2144,1488397658,1,46,159),(2145,1488397658,1,16,160),(2146,1488397658,0,10,161),(2147,1488397658,0,45,162),(2148,1488397658,1,26,163),(2149,1488397658,1,9,164),(2150,1488397658,1,44,165),(2151,1488397658,1,11,166),(2152,1488397658,0,9,167),(2153,1488397658,1,42,168),(2154,1488397658,0,10,169),(2155,1488397658,1,18,170),(2156,1488397658,1,2,171),(2157,1488397658,0,13,172),(2158,1488397658,1,27,173),(2159,1488397658,1,17,174),(2160,1488397658,0,23,175),(2161,1488397658,0,2,176),(2162,1488397658,0,23,177),(2163,1488397658,0,47,178),(2164,1488397658,1,5,179),(2165,1488397658,1,44,180),(2166,1488397658,1,2,181),(2167,1488397658,1,43,182),(2168,1488397658,0,49,183),(2169,1488397658,1,23,184),(2170,1488397658,1,49,185),(2171,1488397658,1,26,186),(2172,1488397658,0,1,187),(2173,1488397658,1,41,188),(2174,1488397658,0,25,189),(2175,1488397658,1,13,190),(2176,1488397658,1,45,191),(2177,1488397658,1,40,192),(2178,1488397658,1,49,193),(2179,1488397658,1,39,194),(2180,1488397658,1,41,195),(2181,1488397658,1,23,196),(2182,1488397658,0,29,197),(2183,1488397658,0,4,198),(2184,1488397658,1,19,199),(2185,1488397658,1,42,200),(2186,1488397658,1,31,201),(2187,1488397658,1,0,202),(2188,1488397658,1,18,203),(2189,1488397658,1,20,204),(2190,1488397658,1,7,205),(2191,1488397658,0,5,206),(2192,1488397658,1,15,207),(2193,1488397658,1,37,208),(2194,1488397658,0,7,209),(2195,1488397658,1,15,210),(2196,1488397658,1,26,211),(2197,1488397658,0,42,212),(2198,1488397658,1,1,213),(2199,1488397658,1,28,214),(2200,1488397658,1,7,215),(2201,1488397658,1,15,216),(2202,1488397658,0,42,217),(2203,1488397658,0,20,218),(2204,1488397658,1,23,219),(2205,1488397658,1,8,220),(2206,1488397658,1,5,221),(2207,1488397658,1,27,222),(2208,1488397658,1,10,223),(2209,1488397658,0,9,224),(2210,1488397658,1,19,225),(2211,1488397658,1,45,226),(2212,1488397658,0,8,227),(2213,1488397658,1,3,228),(2214,1488397658,0,36,229),(2215,1488397658,1,13,230),(2216,1488397658,1,38,231),(2217,1488397658,0,49,232),(2218,1488397658,1,40,233),(2219,1488397658,0,5,234),(2220,1488397658,1,9,235),(2221,1488397658,0,15,236),(2222,1488397658,1,32,237),(2223,1488397658,1,46,238),(2224,1488397658,0,26,239),(2225,1488397658,1,36,240),(2226,1488397658,1,39,241),(2227,1488397658,1,21,242),(2228,1488397658,1,4,243),(2229,1488397658,0,31,244),(2230,1488397658,1,38,245),(2231,1488397658,1,48,246),(2232,1488397658,1,40,247),(2233,1488397658,0,11,248),(2234,1488397658,0,5,249),(2235,1488397658,0,32,250),(2236,1488397658,1,33,251),(2237,1488397658,1,39,252),(2238,1488397658,1,43,253),(2239,1488397658,1,40,254),(2240,1488397658,0,47,255),(2241,1488397658,1,15,256),(2242,1488397658,1,33,257),(2243,1488397658,1,28,258),(2244,1488397658,0,30,259),(2245,1488397658,1,48,260),(2246,1488397658,1,8,261),(2247,1488397658,1,29,262),(2248,1488397658,0,13,263),(2249,1488397658,1,35,264),(2250,1488397658,1,23,265),(2251,1488397658,1,37,266),(2252,1488397658,1,42,267),(2253,1488397658,1,13,268),(2254,1488397658,1,47,269),(2255,1488397658,1,2,270),(2256,1488397658,0,37,271),(2257,1488397658,0,27,272),(2258,1488397658,1,11,273),(2259,1488397658,1,32,274),(2260,1488397658,1,10,275),(2261,1488397658,1,10,276),(2262,1488397658,1,27,277),(2263,1488397658,1,21,278),(2264,1488397658,1,41,279),(2265,1488397658,1,47,280),(2266,1488397658,1,39,281),(2267,1488397658,1,45,282),(2268,1488397658,1,17,283),(2269,1488397658,1,40,284),(2270,1488397658,1,38,285),(2271,1488397658,1,19,286),(2272,1488397658,1,12,287),(2273,1488397658,0,23,288),(2274,1488397658,1,48,289),(2275,1488397658,1,16,290),(2276,1488397658,1,29,291),(2277,1488397658,1,11,292),(2278,1488397658,1,9,293),(2279,1488397658,1,30,294),(2280,1488397658,1,26,295),(2281,1488397658,0,39,296),(2282,1488397658,0,39,297),(2283,1488397658,1,5,298),(2284,1488397658,0,40,299),(2285,1488397658,1,1,300),(2286,1488397658,1,38,301),(2287,1488397658,1,19,302),(2288,1488397658,1,7,303),(2289,1488397658,0,17,304),(2290,1488397658,1,17,305),(2291,1488397658,0,8,306),(2292,1488397658,0,37,307),(2293,1488397658,0,29,308),(2294,1488397658,1,9,309),(2295,1488397658,1,34,310),(2296,1488397658,1,15,311),(2297,1488397658,1,37,312),(2298,1488397658,1,42,313),(2299,1488397658,1,31,314),(2300,1488397658,1,15,315),(2301,1488397658,1,0,316),(2302,1488397658,1,30,317),(2303,1488397658,1,15,318),(2304,1488397658,1,49,319),(2305,1488397658,1,38,320),(2306,1488397658,1,15,321),(2307,1488397658,1,35,322),(2308,1488397658,1,3,323),(2309,1488397658,1,16,324),(2310,1488397658,0,18,325),(2311,1488397658,1,45,326),(2312,1488397658,1,38,327),(2313,1488397658,1,23,328),(2314,1488397658,1,18,329),(2315,1488397658,1,36,330),(2316,1488397658,1,8,331),(2317,1488397658,0,22,332),(2318,1488397658,1,29,333),(2319,1488397658,1,23,334),(2320,1488397658,0,7,335),(2321,1488397658,0,11,336),(2322,1488397658,1,42,337),(2323,1488397659,1,48,338),(2324,1488397659,1,33,339),(2325,1488397659,1,5,340),(2326,1488397659,1,18,341),(2327,1488397659,1,43,342),(2328,1488397659,0,47,343),(2329,1488397659,1,21,344),(2330,1488397659,0,0,345),(2331,1488397659,0,27,346),(2332,1488397659,1,42,347),(2333,1488397659,1,26,348),(2334,1488397659,0,21,349),(2335,1488397659,0,0,350),(2336,1488397659,1,0,351),(2337,1488397659,1,48,352),(2338,1488397659,1,30,353),(2339,1488397659,1,39,354),(2340,1488397659,1,16,355),(2341,1488397659,1,10,356),(2342,1488397659,0,35,357),(2343,1488397659,1,21,358),(2344,1488397659,1,40,359),(2345,1488397659,1,28,360),(2346,1488397659,0,47,361),(2347,1488397659,1,46,362),(2348,1488397659,1,23,363),(2349,1488397659,0,30,364),(2350,1488397659,1,35,365),(2351,1488397659,1,7,366),(2352,1488397659,1,13,367),(2353,1488397659,1,1,368),(2354,1488397659,0,49,369),(2355,1488397659,0,22,370),(2356,1488397659,1,37,371),(2357,1488397659,1,38,372),(2358,1488397659,1,32,373),(2359,1488397659,1,17,374),(2360,1488397659,1,45,375),(2361,1488397659,1,40,376),(2362,1488397659,1,0,377),(2363,1488397659,1,25,378),(2364,1488397659,1,1,379),(2365,1488397659,1,43,380),(2366,1488397659,0,34,381),(2367,1488397659,1,23,382),(2368,1488397659,1,20,383),(2369,1488397659,1,19,384),(2370,1488397659,1,15,385),(2371,1488397659,1,12,386),(2372,1488397659,1,5,387),(2373,1488397659,1,37,388),(2374,1488397659,1,45,389),(2375,1488397659,1,26,390),(2376,1488397659,1,25,391),(2377,1488397659,1,19,392),(2378,1488397659,1,37,393),(2379,1488397659,1,22,394),(2380,1488397659,1,13,395),(2381,1488397659,0,28,396),(2382,1488397659,1,12,397),(2383,1488397958,0,48,1),(2384,1488397958,1,36,2),(2385,1488397958,1,2,3),(2386,1488397958,1,0,4),(2387,1488397958,1,10,5),(2388,1488397958,0,23,6),(2389,1488397958,1,38,7),(2390,1488397958,0,45,8),(2391,1488397958,1,5,9),(2392,1488397958,1,38,10),(2393,1488397958,1,33,11),(2394,1488397958,0,6,12),(2395,1488397958,0,3,13),(2396,1488397958,1,36,14),(2397,1488397958,1,10,15),(2398,1488397958,1,31,16),(2399,1488397958,1,30,17),(2400,1488397958,0,10,18),(2401,1488397958,0,23,19),(2402,1488397958,1,15,20),(2403,1488397958,1,44,21),(2404,1488397958,1,29,22),(2405,1488397958,1,45,23),(2406,1488397958,1,36,24),(2407,1488397958,1,4,25),(2408,1488397958,1,29,26),(2409,1488397958,0,14,27),(2410,1488397958,1,49,28),(2411,1488397958,1,19,29),(2412,1488397958,1,33,30),(2413,1488397958,1,21,31),(2414,1488397958,1,39,32),(2415,1488397958,1,34,33),(2416,1488397958,1,17,34),(2417,1488397958,0,34,35),(2418,1488397958,1,37,36),(2419,1488397958,0,33,37),(2420,1488397958,0,10,38),(2421,1488397958,1,17,39),(2422,1488397958,1,12,40),(2423,1488397958,1,2,41),(2424,1488397958,1,10,42),(2425,1488397958,1,45,43),(2426,1488397958,1,48,44),(2427,1488397958,1,29,45),(2428,1488397958,0,26,46),(2429,1488397958,1,45,47),(2430,1488397958,1,32,48),(2431,1488397958,1,25,49),(2432,1488397958,1,0,50),(2433,1488397958,1,24,51),(2434,1488397958,1,31,52),(2435,1488397958,1,9,53),(2436,1488397958,1,2,54),(2437,1488397958,0,40,55),(2438,1488397958,1,1,56),(2439,1488397958,1,24,57),(2440,1488397958,1,19,58),(2441,1488397958,0,26,59),(2442,1488397958,1,24,60),(2443,1488397958,1,26,61),(2444,1488397958,1,20,62),(2445,1488397958,0,47,63),(2446,1488397958,0,36,64),(2447,1488397958,1,23,65),(2448,1488397958,1,10,66),(2449,1488397958,1,18,67),(2450,1488397958,1,47,68),(2451,1488397958,1,17,69),(2452,1488397958,0,28,70),(2453,1488397958,1,30,71),(2454,1488397958,0,40,72),(2455,1488397958,1,7,73),(2456,1488397958,1,34,74),(2457,1488397958,1,5,75),(2458,1488397958,1,6,76),(2459,1488397958,1,26,77),(2460,1488397958,1,31,78),(2461,1488397958,1,3,79),(2462,1488397958,1,37,80),(2463,1488397958,1,33,81),(2464,1488397958,0,10,82),(2465,1488397958,1,46,83),(2466,1488397958,0,26,84),(2467,1488397958,1,2,85),(2468,1488397958,1,36,86),(2469,1488397958,0,1,87),(2470,1488397958,0,37,88),(2471,1488397958,1,47,89),(2472,1488397958,1,48,90),(2473,1488397958,1,28,91),(2474,1488397958,1,18,92),(2475,1488397958,1,38,93),(2476,1488397958,1,32,94),(2477,1488397958,1,34,95),(2478,1488397958,1,4,96),(2479,1488397958,1,19,97),(2480,1488397958,0,41,98),(2481,1488397958,0,3,99),(2482,1488397958,1,48,100),(2483,1488397958,1,22,101),(2484,1488397958,1,39,102),(2485,1488397958,1,43,103),(2486,1488397958,0,3,104),(2487,1488397958,1,20,105),(2488,1488397958,1,4,106),(2489,1488397958,1,7,107),(2490,1488397958,0,2,108),(2491,1488397958,1,29,109),(2492,1488397958,1,11,110),(2493,1488397958,0,33,111),(2494,1488397958,1,46,112),(2495,1488397958,1,19,113),(2496,1488397958,0,28,114),(2497,1488397958,1,12,115),(2498,1488397958,1,10,116),(2499,1488397958,1,40,117),(2500,1488397958,0,1,118),(2501,1488397958,1,18,119),(2502,1488397958,1,27,120),(2503,1488397958,1,11,121),(2504,1488397958,0,40,122),(2505,1488397958,0,7,123),(2506,1488397958,0,47,124),(2507,1488397958,1,15,125),(2508,1488397958,1,22,126),(2509,1488397958,1,33,127),(2510,1488397958,1,24,128),(2511,1488397958,1,28,129),(2512,1488397958,1,44,130),(2513,1488397958,1,12,131),(2514,1488397958,1,46,132),(2515,1488397958,0,2,133),(2516,1488397958,1,12,134),(2517,1488397958,0,16,135),(2518,1488397958,1,29,136),(2519,1488397958,0,2,137),(2520,1488397958,1,7,138),(2521,1488397958,1,11,139),(2522,1488397958,1,43,140),(2523,1488397958,0,10,141),(2524,1488397958,1,13,142),(2525,1488397958,1,20,143),(2526,1488397958,1,40,144),(2527,1488397958,1,21,145),(2528,1488397958,1,47,146),(2529,1488397958,1,21,147),(2530,1488397958,1,25,148),(2531,1488397958,1,23,149),(2532,1488397958,0,8,150),(2533,1488397958,1,29,151),(2534,1488397958,0,8,152),(2535,1488397958,0,45,153),(2536,1488397958,1,4,154),(2537,1488397958,1,8,155),(2538,1488397958,1,25,156),(2539,1488397958,0,6,157),(2540,1488397958,1,46,158),(2541,1488397958,1,10,159),(2542,1488397958,0,33,160),(2543,1488397958,1,16,161),(2544,1488397958,0,35,162),(2545,1488397958,1,15,163),(2546,1488397958,1,23,164),(2547,1488397958,0,23,165),(2548,1488397958,1,5,166),(2549,1488397958,1,36,167),(2550,1488397958,1,39,168),(2551,1488397958,1,25,169),(2552,1488397958,1,21,170),(2553,1488397958,0,22,171),(2554,1488397958,0,11,172),(2555,1488397958,1,23,173),(2556,1488397958,1,38,174),(2557,1488397958,1,48,175),(2558,1488397958,0,31,176),(2559,1488397958,1,12,177),(2560,1488397958,1,9,178),(2561,1488397958,0,13,179),(2562,1488397958,1,40,180),(2563,1488397958,1,46,181),(2564,1488397958,1,15,182),(2565,1488397958,0,26,183),(2566,1488397958,1,20,184),(2567,1488397958,1,20,185),(2568,1488397958,1,32,186),(2569,1488397958,0,6,187),(2570,1488397958,1,0,188),(2571,1488397958,1,1,189),(2572,1488397958,1,38,190),(2573,1488397958,1,39,191),(2574,1488397958,1,29,192),(2575,1488397958,1,46,193),(2576,1488397958,1,24,194),(2577,1488397958,1,35,195),(2578,1488397958,1,30,196),(2579,1488397958,0,18,197),(2580,1488397958,1,3,198),(2581,1488397958,1,22,199),(2582,1488397958,0,10,200),(2583,1488397958,1,22,201),(2584,1488397958,1,30,202),(2585,1488397958,1,2,203),(2586,1488397958,1,23,204),(2587,1488397958,1,0,205),(2588,1488397958,1,21,206),(2589,1488397958,0,24,207),(2590,1488397958,0,6,208),(2591,1488397958,1,44,209),(2592,1488397958,1,16,210),(2593,1488397958,1,6,211),(2594,1488397958,0,42,212),(2595,1488397958,0,24,213),(2596,1488397958,0,28,214),(2597,1488397958,0,37,215),(2598,1488397958,1,43,216),(2599,1488397958,1,14,217),(2600,1488397958,1,32,218),(2601,1488397958,1,31,219),(2602,1488397958,1,47,220),(2603,1488397958,0,14,221),(2604,1488397958,1,34,222),(2605,1488397958,1,37,223),(2606,1488397958,0,31,224),(2607,1488397958,0,29,225),(2608,1488397958,0,25,226),(2609,1488397958,0,17,227),(2610,1488397958,1,35,228),(2611,1488397958,1,26,229),(2612,1488397958,1,23,230),(2613,1488397958,1,35,231),(2614,1488397958,1,28,232),(2615,1488397958,1,36,233),(2616,1488397958,1,24,234),(2617,1488397958,1,10,235),(2618,1488397958,0,35,236),(2619,1488397958,1,24,237),(2620,1488397958,1,23,238),(2621,1488397958,1,29,239),(2622,1488397958,0,22,240),(2623,1488397958,1,43,241),(2624,1488397958,1,4,242),(2625,1488397958,1,23,243),(2626,1488397958,1,0,244),(2627,1488397958,1,29,245),(2628,1488397958,1,9,246),(2629,1488397958,1,43,247),(2630,1488397958,0,27,248),(2631,1488397958,1,8,249),(2632,1488397958,1,15,250),(2633,1488397958,0,13,251),(2634,1488397958,0,28,252),(2635,1488397958,1,27,253),(2636,1488397958,1,7,254),(2637,1488397958,1,19,255),(2638,1488397958,1,34,256),(2639,1488397958,1,7,257),(2640,1488397958,0,7,258),(2641,1488397958,1,34,259),(2642,1488397958,1,27,260),(2643,1488397958,1,35,261),(2644,1488397958,1,27,262),(2645,1488397958,1,37,263),(2646,1488397958,1,15,264),(2647,1488397958,1,22,265),(2648,1488397958,0,37,266),(2649,1488397958,1,35,267),(2650,1488397958,1,13,268),(2651,1488397958,0,6,269),(2652,1488397958,0,49,270),(2653,1488397958,0,39,271),(2654,1488397958,1,1,272),(2655,1488397958,1,11,273),(2656,1488397958,1,36,274),(2657,1488397958,1,35,275),(2658,1488397958,1,42,276),(2659,1488397958,0,7,277),(2660,1488397958,1,10,278),(2661,1488397958,1,17,279),(2662,1488397958,1,18,280),(2663,1488397958,1,36,281),(2664,1488397958,0,5,282),(2665,1488397958,0,11,283),(2666,1488397958,0,20,284),(2667,1488397958,1,29,285),(2668,1488397958,0,20,286),(2669,1488397958,1,36,287),(2670,1488397958,1,34,288),(2671,1488397958,1,11,289),(2672,1488397958,1,21,290),(2673,1488397958,1,5,291),(2674,1488397958,0,5,292),(2675,1488397958,1,45,293),(2676,1488397958,1,35,294),(2677,1488397958,1,39,295),(2678,1488397958,1,32,296),(2679,1488397958,1,23,297),(2680,1488397958,1,37,298),(2681,1488397958,1,6,299),(2682,1488397958,1,32,300),(2683,1488397958,1,25,301),(2684,1488397958,1,22,302),(2685,1488397958,1,49,303),(2686,1488397958,1,31,304),(2687,1488397958,1,1,305),(2688,1488397958,1,33,306),(2689,1488397958,1,45,307),(2690,1488397958,1,11,308),(2691,1488397958,1,2,309),(2692,1488397958,1,46,310),(2693,1488397958,1,37,311),(2694,1488397958,0,33,312),(2695,1488397958,0,4,313),(2696,1488397958,1,15,314),(2697,1488397958,1,27,315),(2698,1488397958,1,0,316),(2699,1488397958,1,5,317),(2700,1488397958,1,9,318),(2701,1488397958,1,23,319),(2702,1488397958,1,12,320),(2703,1488397958,1,34,321),(2704,1488397958,1,19,322),(2705,1488397958,1,6,323),(2706,1488397958,1,30,324),(2707,1488397958,1,29,325),(2708,1488397958,0,36,326),(2709,1488397958,1,40,327),(2710,1488397958,1,49,328),(2711,1488397958,1,0,329),(2712,1488397958,1,0,330),(2713,1488397958,1,21,331),(2714,1488397958,1,34,332),(2715,1488397958,0,34,333),(2716,1488397958,1,3,334),(2717,1488397958,1,23,335),(2718,1488397958,1,34,336),(2719,1488397958,1,11,337),(2720,1488397958,1,34,338),(2721,1488397958,1,28,339),(2722,1488397958,1,5,340),(2723,1488397958,1,14,341),(2724,1488397958,1,33,342),(2725,1488397958,1,16,343),(2726,1488397958,1,6,344),(2727,1488397958,0,41,345),(2728,1488397958,1,2,346),(2729,1488397958,0,13,347),(2730,1488397958,0,29,348),(2731,1488397958,1,22,349),(2732,1488397958,1,45,350),(2733,1488397958,0,10,351),(2734,1488397958,1,16,352),(2735,1488397958,1,45,353),(2736,1488397958,1,28,354),(2737,1488397958,1,44,355),(2738,1488397958,0,21,356),(2739,1488397958,0,10,357),(2740,1488397958,1,24,358),(2741,1488397958,1,2,359),(2742,1488397958,0,21,360),(2743,1488397958,1,19,361),(2744,1488397958,1,18,362),(2745,1488397958,1,30,363),(2746,1488397958,1,28,364),(2747,1488397958,1,15,365),(2748,1488397958,0,6,366),(2749,1488397958,1,43,367),(2750,1488397958,0,24,368),(2751,1488397958,0,44,369),(2752,1488397958,1,42,370),(2753,1488397958,1,21,371),(2754,1488397958,1,39,372),(2755,1488397958,1,10,373),(2756,1488397958,1,9,374),(2757,1488397958,1,0,375),(2758,1488397958,0,1,376),(2759,1488397958,0,36,377),(2760,1488397958,1,6,378),(2761,1488397958,1,6,379),(2762,1488397958,1,3,380),(2763,1488397958,1,6,381),(2764,1488397958,0,3,382),(2765,1488397958,1,2,383),(2766,1488397958,1,27,384),(2767,1488397958,1,45,385),(2768,1488397958,1,1,386),(2769,1488397958,1,22,387),(2770,1488397958,1,36,388),(2771,1488397958,0,34,389),(2772,1488397958,0,48,390),(2773,1488397958,1,0,391),(2774,1488397958,0,19,392),(2775,1488397958,1,9,393),(2776,1488397958,1,42,394),(2777,1488397958,1,39,395),(2778,1488397958,1,29,396),(2779,1488397958,1,11,397),(2780,1488398258,1,26,1),(2781,1488398258,1,25,2),(2782,1488398258,1,17,3),(2783,1488398258,1,32,4),(2784,1488398258,1,1,5),(2785,1488398258,1,39,6),(2786,1488398258,1,0,7),(2787,1488398258,1,14,8),(2788,1488398258,1,42,9),(2789,1488398258,1,5,10),(2790,1488398258,1,43,11),(2791,1488398258,1,2,12),(2792,1488398258,0,36,13),(2793,1488398258,1,5,14),(2794,1488398258,1,11,15),(2795,1488398258,0,22,16),(2796,1488398258,0,13,17),(2797,1488398258,1,32,18),(2798,1488398258,1,49,19),(2799,1488398258,1,40,20),(2800,1488398258,1,33,21),(2801,1488398258,1,48,22),(2802,1488398138,1,46,1),(2803,1488398138,0,41,2),(2804,1488398138,1,19,3),(2805,1488398138,1,25,4),(2806,1488398138,1,19,5),(2807,1488398138,1,26,6),(2808,1488398138,0,3,7),(2809,1488398138,1,20,8),(2810,1488398138,1,19,9),(2811,1488398138,1,28,10),(2812,1488398138,1,21,11),(2813,1488398138,0,1,12),(2814,1488398138,1,13,13),(2815,1488398138,1,46,14),(2816,1488398138,1,42,15),(2817,1488398138,1,30,16),(2818,1488398138,0,40,17),(2819,1488398138,1,6,18),(2820,1488398138,1,44,19),(2821,1488398138,1,10,20),(2822,1488398138,0,12,21),(2823,1488398138,1,6,22),(2824,1488398138,1,33,23),(2825,1488398138,1,35,24),(2826,1488398138,1,5,25),(2827,1488398138,1,41,26),(2828,1488398138,1,42,27),(2829,1488398138,1,17,28),(2830,1488398138,1,21,29),(2831,1488398138,1,47,30),(2832,1488398138,1,5,31),(2833,1488398138,1,0,32),(2834,1488398138,0,26,33),(2835,1488398138,1,7,34),(2836,1488398138,0,29,35),(2837,1488398138,1,39,36),(2838,1488398138,1,26,37),(2839,1488398138,0,3,38),(2840,1488398138,1,10,39),(2841,1488398138,1,23,40),(2842,1488398138,1,17,41),(2843,1488398138,1,11,42),(2844,1488398138,0,29,43),(2845,1488398138,0,30,44),(2846,1488398138,1,14,45),(2847,1488398138,1,17,46),(2848,1488398138,1,30,47),(2849,1488398138,1,19,48),(2850,1488398138,0,29,49),(2851,1488398138,1,11,50),(2852,1488398139,1,36,51),(2853,1488398139,1,35,52),(2854,1488398139,1,33,53),(2855,1488398139,1,32,54),(2856,1488398139,0,16,55),(2857,1488398139,1,21,56),(2858,1488398139,1,46,57),(2859,1488398139,1,1,58),(2860,1488398139,1,37,59),(2861,1488398139,1,20,60),(2862,1488398139,1,9,61),(2863,1488398139,1,22,62),(2864,1488398139,1,21,63),(2865,1488398139,0,46,64),(2866,1488398139,1,7,65),(2867,1488398139,1,43,66),(2868,1488398139,1,35,67),(2869,1488398139,0,46,68),(2870,1488398139,1,37,69),(2871,1488398139,1,42,70),(2872,1488398139,1,49,71),(2873,1488398139,1,1,72),(2874,1488398139,0,10,73),(2875,1488398139,0,3,74),(2876,1488398139,1,1,75),(2877,1488398139,0,8,76),(2878,1488398139,1,27,77),(2879,1488398139,0,43,78),(2880,1488398139,1,30,79),(2881,1488398139,1,7,80),(2882,1488398139,1,11,81),(2883,1488398139,0,22,82),(2884,1488398139,1,41,83),(2885,1488398139,0,16,84),(2886,1488398139,1,28,85),(2887,1488398139,1,21,86),(2888,1488398139,1,48,87),(2889,1488398139,1,2,88),(2890,1488398139,1,17,89),(2891,1488398139,1,0,90),(2892,1488398139,1,13,91),(2893,1488398139,1,14,92),(2894,1488398139,1,20,93),(2895,1488398139,0,19,94),(2896,1488398139,1,44,95),(2897,1488398139,1,20,96),(2898,1488398139,1,11,97),(2899,1488398139,1,27,98),(2900,1488398139,1,0,99),(2901,1488398139,1,9,100),(2902,1488398139,1,39,101),(2903,1488398139,1,41,102),(2904,1488398139,1,18,103),(2905,1488398139,0,3,104),(2906,1488398139,0,31,105),(2907,1488398139,1,38,106),(2908,1488398139,1,44,107),(2909,1488398139,1,36,108),(2910,1488398139,1,14,109),(2911,1488398139,1,15,110),(2912,1488398139,1,40,111),(2913,1488398139,1,27,112),(2914,1488398139,1,18,113),(2915,1488398139,1,15,114),(2916,1488398139,1,45,115),(2917,1488398139,1,8,116),(2918,1488398139,1,43,117),(2919,1488398139,0,14,118),(2920,1488398139,1,26,119),(2921,1488398139,1,31,120),(2922,1488398139,1,6,121),(2923,1488398139,1,30,122),(2924,1488398139,1,8,123),(2925,1488398139,1,4,124),(2926,1488398139,1,35,125),(2927,1488398139,1,32,126),(2928,1488398139,1,45,127),(2929,1488398139,1,30,128),(2930,1488398139,1,34,129),(2931,1488398139,1,45,130),(2932,1488398139,1,23,131),(2933,1488398139,1,34,132),(2934,1488398139,1,11,133),(2935,1488398139,1,2,134),(2936,1488398139,0,11,135),(2937,1488398139,1,3,136),(2938,1488398139,1,15,137),(2939,1488398139,1,28,138),(2940,1488398139,1,1,139),(2941,1488398139,1,6,140),(2942,1488398139,1,6,141),(2943,1488398139,1,33,142),(2944,1488398139,1,4,143),(2945,1488398139,0,1,144),(2946,1488398139,1,36,145),(2947,1488398139,1,9,146),(2948,1488398139,0,48,147),(2949,1488398139,1,48,148),(2950,1488398139,1,34,149),(2951,1488398139,0,20,150),(2952,1488398139,0,40,151),(2953,1488398139,1,40,152),(2954,1488398139,0,6,153),(2955,1488398139,1,32,154),(2956,1488398139,1,4,155),(2957,1488398139,1,10,156),(2958,1488398139,1,40,157),(2959,1488398139,1,20,158),(2960,1488398139,0,24,159),(2961,1488398139,0,16,160),(2962,1488398139,1,28,161),(2963,1488398139,0,25,162),(2964,1488398139,1,37,163),(2965,1488398139,1,40,164),(2966,1488398139,1,27,165),(2967,1488398139,1,21,166),(2968,1488398139,1,35,167),(2969,1488398139,1,7,168),(2970,1488398139,1,9,169),(2971,1488398139,1,30,170),(2972,1488398139,1,6,171),(2973,1488398139,1,43,172),(2974,1488398139,0,19,173),(2975,1488398139,1,43,174),(2976,1488398139,1,37,175),(2977,1488398139,0,46,176),(2978,1488398139,1,46,177),(2979,1488398139,1,0,178),(2980,1488398139,1,29,179),(2981,1488398139,1,29,180),(2982,1488398139,1,33,181),(2983,1488398139,1,30,182),(2984,1488398139,1,2,183),(2985,1488398139,1,36,184),(2986,1488398139,1,14,185),(2987,1488398139,1,3,186),(2988,1488398139,1,39,187),(2989,1488398139,1,19,188),(2990,1488398139,1,40,189),(2991,1488398139,1,25,190),(2992,1488398139,1,28,191),(2993,1488398139,1,3,192),(2994,1488398139,0,21,193),(2995,1488398139,1,33,194),(2996,1488398139,1,34,195),(2997,1488398139,1,42,196),(2998,1488398139,1,22,197),(2999,1488398139,1,26,198),(3000,1488398139,1,38,199),(3001,1488398139,1,33,200),(3002,1488398139,1,21,201),(3003,1488398139,0,28,202),(3004,1488398139,1,22,203),(3005,1488398139,1,14,204),(3006,1488398139,1,4,205),(3007,1488398139,1,19,206),(3008,1488398139,1,31,207),(3009,1488398139,1,20,208),(3010,1488398139,1,1,209),(3011,1488398139,1,47,210),(3012,1488398139,1,35,211),(3013,1488398139,1,37,212),(3014,1488398139,0,36,213),(3015,1488398139,1,19,214),(3016,1488398139,1,0,215),(3017,1488398139,0,23,216),(3018,1488398139,1,24,217),(3019,1488398139,1,48,218),(3020,1488398139,1,33,219),(3021,1488398139,1,9,220),(3022,1488398139,1,4,221),(3023,1488398139,1,5,222),(3024,1488398139,1,15,223),(3025,1488398139,1,32,224),(3026,1488398139,1,10,225),(3027,1488398139,1,44,226),(3028,1488398139,1,37,227),(3029,1488398139,1,25,228),(3030,1488398139,0,30,229),(3031,1488398139,1,9,230),(3032,1488398139,1,21,231),(3033,1488398139,1,18,232),(3034,1488398139,0,36,233),(3035,1488398139,1,3,234),(3036,1488398139,0,18,235),(3037,1488398139,1,40,236),(3038,1488398139,0,0,237),(3039,1488398139,1,42,238),(3040,1488398139,1,2,239),(3041,1488398139,1,18,240),(3042,1488398139,1,32,241),(3043,1488398139,0,26,242),(3044,1488398139,1,24,243),(3045,1488398139,0,2,244),(3046,1488398139,1,30,245),(3047,1488398139,1,32,246),(3048,1488398139,1,38,247),(3049,1488398139,1,28,248),(3050,1488398139,1,26,249),(3051,1488398139,1,3,250),(3052,1488398139,1,34,251),(3053,1488398139,1,21,252),(3054,1488398139,1,35,253),(3055,1488398139,1,21,254),(3056,1488398139,1,12,255),(3057,1488398139,1,4,256),(3058,1488398139,1,2,257),(3059,1488398139,1,35,258),(3060,1488398139,1,28,259),(3061,1488398139,1,39,260),(3062,1488398139,1,5,261),(3063,1488398139,0,16,262),(3064,1488398140,1,21,263),(3065,1488398140,1,47,264),(3066,1488398140,1,28,265),(3067,1488398140,1,15,266),(3068,1488398140,1,19,267),(3069,1488398140,1,18,268),(3070,1488398140,1,10,269),(3071,1488398140,1,30,270),(3072,1488398140,1,12,271),(3073,1488398140,1,19,272),(3074,1488398140,1,3,273),(3075,1488398140,0,16,274),(3076,1488398140,1,23,275),(3077,1488398140,1,29,276),(3078,1488398140,1,34,277),(3079,1488398140,0,37,278),(3080,1488398140,1,8,279),(3081,1488398140,1,30,280),(3082,1488398140,1,6,281),(3083,1488398140,1,9,282),(3084,1488398140,1,9,283),(3085,1488398140,1,43,284),(3086,1488398140,0,37,285),(3087,1488398140,1,7,286),(3088,1488398140,1,8,287),(3089,1488398140,1,7,288),(3090,1488398140,1,16,289),(3091,1488398140,1,13,290),(3092,1488398140,1,5,291),(3093,1488398140,1,28,292),(3094,1488398140,1,42,293),(3095,1488398140,1,45,294),(3096,1488398140,1,20,295),(3097,1488398140,1,48,296),(3098,1488398140,1,41,297),(3099,1488398140,1,18,298),(3100,1488398140,1,21,299),(3101,1488398140,1,47,300),(3102,1488398140,1,0,301),(3103,1488398140,1,11,302),(3104,1488398140,1,33,303),(3105,1488398140,1,25,304),(3106,1488398140,1,17,305),(3107,1488398140,1,45,306),(3108,1488398140,1,36,307),(3109,1488398140,1,21,308),(3110,1488398140,1,46,309),(3111,1488398140,1,35,310),(3112,1488398140,1,45,311),(3113,1488398140,1,11,312),(3114,1488398140,1,32,313),(3115,1488398140,0,17,314),(3116,1488398140,0,16,315),(3117,1488398140,1,20,316),(3118,1488398140,1,28,317),(3119,1488398140,1,39,318),(3120,1488398140,1,4,319),(3121,1488398140,1,15,320),(3122,1488398140,1,25,321),(3123,1488398140,1,18,322),(3124,1488398140,1,8,323),(3125,1488398140,1,11,324),(3126,1488398140,1,4,325),(3127,1488398140,1,45,326),(3128,1488398140,1,22,327),(3129,1488398140,1,23,328),(3130,1488398140,1,34,329),(3131,1488398140,1,14,330),(3132,1488398140,1,41,331),(3133,1488398140,0,20,332),(3134,1488398140,0,17,333),(3135,1488398140,1,40,334),(3136,1488398140,1,3,335),(3137,1488398140,1,20,336),(3138,1488398140,1,31,337),(3139,1488398140,1,0,338),(3140,1488398140,1,11,339),(3141,1488398140,1,26,340),(3142,1488398140,1,1,341),(3143,1488398140,1,27,342),(3144,1488398140,1,23,343),(3145,1488398140,1,32,344),(3146,1488398140,1,28,345),(3147,1488398140,1,43,346),(3148,1488398140,1,1,347),(3149,1488398140,1,7,348),(3150,1488398140,1,5,349),(3151,1488398140,1,37,350),(3152,1488398140,0,15,351),(3153,1488398140,1,37,352),(3154,1488398140,1,4,353),(3155,1488398140,1,48,354),(3156,1488398140,1,14,355),(3157,1488398140,0,27,356),(3158,1488398140,1,36,357),(3159,1488398140,0,7,358),(3160,1488398140,0,1,359),(3161,1488398140,0,7,360),(3162,1488398140,1,13,361),(3163,1488398140,0,27,362),(3164,1488398140,1,23,363),(3165,1488398140,1,19,364),(3166,1488398140,0,8,365),(3167,1488398140,1,23,366),(3168,1488398140,0,36,367),(3169,1488398140,1,49,368),(3170,1488398140,1,48,369),(3171,1488398140,1,16,370),(3172,1488398140,1,19,371),(3173,1488398140,1,17,372),(3174,1488398140,1,24,373),(3175,1488398140,1,19,374),(3176,1488398140,1,21,375),(3177,1488398140,1,48,376),(3178,1488398140,0,40,377),(3179,1488398140,0,39,378),(3180,1488398140,1,29,379),(3181,1488398140,1,7,380),(3182,1488398140,1,33,381),(3183,1488398140,1,8,382),(3184,1488398140,0,10,383),(3185,1488398140,1,32,384),(3186,1488398140,1,33,385),(3187,1488398140,1,19,386),(3188,1488398140,1,8,387),(3189,1488398140,0,9,388),(3190,1488398140,1,21,389),(3191,1488398140,1,4,390),(3192,1488398140,1,1,391),(3193,1488398140,1,43,392),(3194,1488398140,0,10,393),(3195,1488398140,0,18,394),(3196,1488398140,1,6,395),(3197,1488398140,1,39,396),(3198,1488398140,1,21,397),(3199,1488398142,1,25,1),(3200,1488398142,1,32,2),(3201,1488398142,1,2,3),(3202,1488398142,1,29,4),(3203,1488398142,1,18,5),(3204,1488398142,1,14,6),(3205,1488398142,1,10,7),(3206,1488398142,1,5,8),(3207,1488398142,1,11,9),(3208,1488398142,1,22,10),(3209,1488398142,1,8,11),(3210,1488398142,1,8,12),(3211,1488398142,1,25,13),(3212,1488398142,1,24,14),(3213,1488398142,0,4,15),(3214,1488398142,1,37,16),(3215,1488398142,1,45,17),(3216,1488398142,0,23,18),(3217,1488398142,1,21,19),(3218,1488398142,1,10,20),(3219,1488398142,1,35,21),(3220,1488398142,0,0,22),(3221,1488398142,0,20,23),(3222,1488398142,1,29,24),(3223,1488398142,1,48,25),(3224,1488398142,1,43,26),(3225,1488398142,1,44,27),(3226,1488398142,1,25,28),(3227,1488398142,1,26,29),(3228,1488398142,1,16,30),(3229,1488398142,0,2,31),(3230,1488398142,1,33,32),(3231,1488398142,1,14,33),(3232,1488398142,1,40,34),(3233,1488398142,1,2,35),(3234,1488398142,1,44,36),(3235,1488398142,1,49,37),(3236,1488398142,1,33,38),(3237,1488398142,1,28,39),(3238,1488398142,1,13,40),(3239,1488398142,1,15,41),(3240,1488398142,0,19,42),(3241,1488398142,1,25,43),(3242,1488398142,0,4,44),(3243,1488398142,1,38,45),(3244,1488398142,1,10,46),(3245,1488398142,1,5,47),(3246,1488398142,1,46,48),(3247,1488398142,1,0,49),(3248,1488398142,1,48,50),(3249,1488398142,0,47,51),(3250,1488398142,1,39,52),(3251,1488398142,1,20,53),(3252,1488398142,1,32,54),(3253,1488398142,1,44,55),(3254,1488398142,1,31,56),(3255,1488398142,1,31,57),(3256,1488398142,1,39,58),(3257,1488398142,1,19,59),(3258,1488398142,1,2,60),(3259,1488398142,0,40,61),(3260,1488398142,1,44,62),(3261,1488398142,1,6,63),(3262,1488398142,0,21,64),(3263,1488398142,1,32,65),(3264,1488398142,1,47,66),(3265,1488398142,0,7,67),(3266,1488398142,1,5,68),(3267,1488398142,1,22,69),(3268,1488398142,0,22,70),(3269,1488398142,1,39,71),(3270,1488398142,1,43,72),(3271,1488398142,1,21,73),(3272,1488398142,1,4,74),(3273,1488398142,1,1,75),(3274,1488398142,1,44,76),(3275,1488398142,0,10,77),(3276,1488398142,1,31,78),(3277,1488398142,1,48,79),(3278,1488398142,1,48,80),(3279,1488398142,1,9,81),(3280,1488398142,1,24,82),(3281,1488398142,1,15,83),(3282,1488398142,1,36,84),(3283,1488398142,1,31,85),(3284,1488398142,1,5,86),(3285,1488398142,1,4,87),(3286,1488398142,1,36,88),(3287,1488398142,1,19,89),(3288,1488398142,1,1,90),(3289,1488398142,0,30,91),(3290,1488398142,1,9,92),(3291,1488398142,1,21,93),(3292,1488398142,1,44,94),(3293,1488398142,1,18,95),(3294,1488398142,1,9,96),(3295,1488398142,0,24,97),(3296,1488398142,0,24,98),(3297,1488398142,1,34,99),(3298,1488398142,1,16,100),(3299,1488398142,0,34,101),(3300,1488398142,0,41,102),(3301,1488398142,1,38,103),(3302,1488398142,1,9,104),(3303,1488398142,1,36,105),(3304,1488398142,1,8,106),(3305,1488398142,1,24,107),(3306,1488398142,1,29,108),(3307,1488398142,1,9,109),(3308,1488398142,1,5,110),(3309,1488398142,0,25,111),(3310,1488398142,0,27,112),(3311,1488398142,1,5,113),(3312,1488398142,1,35,114),(3313,1488398142,1,12,115),(3314,1488398142,1,45,116),(3315,1488398142,1,30,117),(3316,1488398142,1,5,118),(3317,1488398142,1,46,119),(3318,1488398142,1,13,120),(3319,1488398142,1,31,121),(3320,1488398142,1,31,122),(3321,1488398142,1,39,123),(3322,1488398142,1,31,124),(3323,1488398142,1,17,125),(3324,1488398142,0,44,126),(3325,1488398142,1,10,127),(3326,1488398142,1,21,128),(3327,1488398142,1,28,129),(3328,1488398142,1,32,130),(3329,1488398142,1,18,131),(3330,1488398142,0,4,132),(3331,1488398142,0,30,133),(3332,1488398142,1,36,134),(3333,1488398142,1,3,135),(3334,1488398142,1,16,136),(3335,1488398142,0,15,137),(3336,1488398142,0,25,138),(3337,1488398142,0,11,139),(3338,1488398142,1,0,140),(3339,1488398142,1,32,141),(3340,1488398142,1,46,142),(3341,1488398142,0,4,143),(3342,1488398142,1,6,144),(3343,1488398142,1,42,145),(3344,1488398142,1,22,146),(3345,1488398142,1,48,147),(3346,1488398142,0,12,148),(3347,1488398142,1,28,149),(3348,1488398142,1,49,150),(3349,1488398142,1,38,151),(3350,1488398142,1,31,152),(3351,1488398142,1,17,153),(3352,1488398142,1,46,154),(3353,1488398142,1,22,155),(3354,1488398142,1,17,156),(3355,1488398142,1,49,157),(3356,1488398142,1,34,158),(3357,1488398142,1,6,159),(3358,1488398142,1,40,160),(3359,1488398142,1,34,161),(3360,1488398142,1,20,162),(3361,1488398142,1,25,163),(3362,1488398142,0,7,164),(3363,1488398142,1,48,165),(3364,1488398142,1,48,166),(3365,1488398142,1,29,167),(3366,1488398142,1,46,168),(3367,1488398142,1,6,169),(3368,1488398142,1,3,170),(3369,1488398142,0,21,171),(3370,1488398142,1,35,172),(3371,1488398142,1,35,173),(3372,1488398142,1,44,174),(3373,1488398142,1,23,175),(3374,1488398142,0,38,176),(3375,1488398142,1,33,177),(3376,1488398142,1,1,178),(3377,1488398142,1,4,179),(3378,1488398142,1,33,180),(3379,1488398142,1,20,181),(3380,1488398142,1,40,182),(3381,1488398142,0,48,183),(3382,1488398142,1,8,184),(3383,1488398142,1,13,185),(3384,1488398142,1,26,186),(3385,1488398142,1,12,187),(3386,1488398142,1,46,188),(3387,1488398142,1,9,189),(3388,1488398142,0,16,190),(3389,1488398142,1,46,191),(3390,1488398142,1,8,192),(3391,1488398142,1,30,193),(3392,1488398142,1,20,194),(3393,1488398142,1,7,195),(3394,1488398142,0,37,196),(3395,1488398142,1,15,197),(3396,1488398142,1,30,198),(3397,1488398142,0,15,199),(3398,1488398142,1,38,200),(3399,1488398142,1,45,201),(3400,1488398142,0,21,202),(3401,1488398142,1,26,203),(3402,1488398142,1,14,204),(3403,1488398142,1,9,205),(3404,1488398142,1,20,206),(3405,1488398142,1,34,207),(3406,1488398142,1,14,208),(3407,1488398142,0,0,209),(3408,1488398142,1,48,210),(3409,1488398142,1,26,211),(3410,1488398142,1,9,212),(3411,1488398142,1,10,213),(3412,1488398142,1,41,214),(3413,1488398142,1,37,215),(3414,1488398142,1,20,216),(3415,1488398142,0,29,217),(3416,1488398142,1,45,218),(3417,1488398142,1,22,219),(3418,1488398142,0,3,220),(3419,1488398142,1,10,221),(3420,1488398142,1,28,222),(3421,1488398142,1,36,223),(3422,1488398142,1,37,224),(3423,1488398142,1,20,225),(3424,1488398142,1,24,226),(3425,1488398142,1,37,227),(3426,1488398142,1,19,228),(3427,1488398142,1,45,229),(3428,1488398142,1,40,230),(3429,1488398142,1,20,231),(3430,1488398142,1,9,232),(3431,1488398142,1,44,233),(3432,1488398142,1,38,234),(3433,1488398142,0,20,235),(3434,1488398142,1,29,236),(3435,1488398142,1,45,237),(3436,1488398142,1,31,238),(3437,1488398142,1,39,239),(3438,1488398142,1,24,240),(3439,1488398142,1,13,241),(3440,1488398142,1,28,242),(3441,1488398142,1,3,243),(3442,1488398142,1,32,244),(3443,1488398142,1,43,245),(3444,1488398142,1,5,246),(3445,1488398142,1,5,247),(3446,1488398142,1,7,248),(3447,1488398142,1,16,249),(3448,1488398142,1,30,250),(3449,1488398142,0,20,251),(3450,1488398142,1,43,252),(3451,1488398142,0,15,253),(3452,1488398142,1,2,254),(3453,1488398142,1,21,255),(3454,1488398142,1,18,256),(3455,1488398142,1,2,257),(3456,1488398142,1,15,258),(3457,1488398142,1,10,259),(3458,1488398142,1,30,260),(3459,1488398142,1,27,261),(3460,1488398142,1,5,262),(3461,1488398143,1,29,263),(3462,1488398143,1,20,264),(3463,1488398143,1,35,265),(3464,1488398143,1,40,266),(3465,1488398143,1,21,267),(3466,1488398143,1,47,268),(3467,1488398143,0,21,269),(3468,1488398143,1,34,270),(3469,1488398143,1,47,271),(3470,1488398143,1,35,272),(3471,1488398143,1,36,273),(3472,1488398143,1,30,274),(3473,1488398143,0,36,275),(3474,1488398143,1,8,276),(3475,1488398143,0,48,277),(3476,1488398143,1,0,278),(3477,1488398143,1,6,279),(3478,1488398143,1,44,280),(3479,1488398143,1,29,281),(3480,1488398143,1,19,282),(3481,1488398143,0,40,283),(3482,1488398143,1,18,284),(3483,1488398143,1,41,285),(3484,1488398143,0,12,286),(3485,1488398143,1,23,287),(3486,1488398143,1,44,288),(3487,1488398143,1,42,289),(3488,1488398143,1,18,290),(3489,1488398143,1,2,291),(3490,1488398143,1,21,292),(3491,1488398143,1,27,293),(3492,1488398143,1,22,294),(3493,1488398143,1,5,295),(3494,1488398143,1,31,296),(3495,1488398143,1,30,297),(3496,1488398143,1,30,298),(3497,1488398143,1,4,299),(3498,1488398143,0,33,300),(3499,1488398143,1,44,301),(3500,1488398143,1,40,302),(3501,1488398143,1,13,303),(3502,1488398143,1,31,304),(3503,1488398143,0,28,305),(3504,1488398143,1,19,306),(3505,1488398143,0,15,307),(3506,1488398143,1,43,308),(3507,1488398143,1,22,309),(3508,1488398143,0,35,310),(3509,1488398143,1,41,311),(3510,1488398143,1,29,312),(3511,1488398143,0,8,313),(3512,1488398143,1,24,314),(3513,1488398143,1,44,315),(3514,1488398143,1,24,316),(3515,1488398143,1,49,317),(3516,1488398143,1,47,318),(3517,1488398143,0,23,319),(3518,1488398143,0,28,320),(3519,1488398143,1,23,321),(3520,1488398143,1,10,322),(3521,1488398143,1,7,323),(3522,1488398143,1,42,324),(3523,1488398143,1,46,325),(3524,1488398143,1,43,326),(3525,1488398143,1,3,327),(3526,1488398143,1,49,328),(3527,1488398143,1,19,329),(3528,1488398143,0,13,330),(3529,1488398143,1,8,331),(3530,1488398143,0,23,332),(3531,1488398143,1,22,333),(3532,1488398143,0,1,334),(3533,1488398143,1,6,335),(3534,1488398143,1,2,336),(3535,1488398143,1,25,337),(3536,1488398143,0,44,338),(3537,1488398143,1,16,339),(3538,1488398143,1,45,340),(3539,1488398143,0,9,341),(3540,1488398143,1,8,342),(3541,1488398143,0,8,343),(3542,1488398143,1,10,344),(3543,1488398143,1,33,345),(3544,1488398143,1,32,346),(3545,1488398143,1,36,347),(3546,1488398143,1,39,348),(3547,1488398143,0,2,349),(3548,1488398143,0,40,350),(3549,1488398143,1,34,351),(3550,1488398143,0,43,352),(3551,1488398143,1,27,353),(3552,1488398143,0,28,354),(3553,1488398143,1,8,355),(3554,1488398143,1,36,356),(3555,1488398143,1,47,357),(3556,1488398143,1,31,358),(3557,1488398143,1,10,359),(3558,1488398143,1,33,360),(3559,1488398143,1,38,361),(3560,1488398143,1,21,362),(3561,1488398143,0,4,363),(3562,1488398143,1,39,364),(3563,1488398143,1,7,365),(3564,1488398143,1,40,366),(3565,1488398143,0,43,367),(3566,1488398143,1,48,368),(3567,1488398143,1,24,369),(3568,1488398143,1,3,370),(3569,1488398143,1,15,371),(3570,1488398143,1,26,372),(3571,1488398143,1,41,373),(3572,1488398143,1,26,374),(3573,1488398143,1,17,375),(3574,1488398143,1,46,376),(3575,1488398143,1,46,377),(3576,1488398143,1,32,378),(3577,1488398143,1,1,379),(3578,1488398143,1,21,380),(3579,1488398143,1,16,381),(3580,1488398143,1,24,382),(3581,1488398143,1,11,383),(3582,1488398143,1,38,384),(3583,1488398143,0,29,385),(3584,1488398143,0,9,386),(3585,1488398143,0,23,387),(3586,1488398143,0,18,388),(3587,1488398143,0,21,389),(3588,1488398143,1,6,390),(3589,1488398143,0,26,391),(3590,1488398143,0,34,392),(3591,1488398143,1,32,393),(3592,1488398143,1,3,394),(3593,1488398143,0,33,395),(3594,1488398143,1,17,396),(3595,1488398143,1,20,397),(3596,1488398144,1,10,1),(3597,1488398144,1,22,2),(3598,1488398144,1,16,3),(3599,1488398144,0,42,4),(3600,1488398144,0,9,5),(3601,1488398144,1,16,6),(3602,1488398144,1,26,7),(3603,1488398144,1,30,8),(3604,1488398144,0,46,9),(3605,1488398144,1,45,10),(3606,1488398144,0,46,11),(3607,1488398144,1,11,12),(3608,1488398144,1,28,13),(3609,1488398144,1,31,14),(3610,1488398144,1,3,15),(3611,1488398144,1,15,16),(3612,1488398144,0,25,17),(3613,1488398144,1,17,18),(3614,1488398144,1,12,19),(3615,1488398144,1,29,20),(3616,1488398144,0,15,21),(3617,1488398144,1,24,22),(3618,1488398144,1,44,23),(3619,1488398144,1,17,24),(3620,1488398144,1,18,25),(3621,1488398144,1,49,26),(3622,1488398144,0,34,27),(3623,1488398144,1,38,28),(3624,1488398144,1,32,29),(3625,1488398144,1,28,30),(3626,1488398144,1,47,31),(3627,1488398144,1,10,32),(3628,1488398144,1,15,33),(3629,1488398144,1,0,34),(3630,1488398144,1,2,35),(3631,1488398144,1,46,36),(3632,1488398144,1,10,37),(3633,1488398144,1,15,38),(3634,1488398144,0,6,39),(3635,1488398144,1,2,40),(3636,1488398144,1,14,41),(3637,1488398144,1,6,42),(3638,1488398144,1,13,43),(3639,1488398144,1,7,44),(3640,1488398144,1,27,45),(3641,1488398144,1,5,46),(3642,1488398144,1,42,47),(3643,1488398144,1,11,48),(3644,1488398144,1,37,49),(3645,1488398144,1,24,50),(3646,1488398144,1,38,51),(3647,1488398144,1,15,52),(3648,1488398144,1,8,53),(3649,1488398144,1,36,54),(3650,1488398144,1,38,55),(3651,1488398144,1,34,56),(3652,1488398144,1,16,57),(3653,1488398144,0,36,58),(3654,1488398144,0,3,59),(3655,1488398144,1,38,60),(3656,1488398144,0,3,61),(3657,1488398144,0,46,62),(3658,1488398144,1,24,63),(3659,1488398144,1,0,64),(3660,1488398144,1,22,65),(3661,1488398144,1,31,66),(3662,1488398144,1,29,67),(3663,1488398144,1,45,68),(3664,1488398144,1,20,69),(3665,1488398144,0,38,70),(3666,1488398144,1,1,71),(3667,1488398144,1,45,72),(3668,1488398144,1,48,73),(3669,1488398144,1,49,74),(3670,1488398144,1,17,75),(3671,1488398144,1,34,76),(3672,1488398144,1,3,77),(3673,1488398144,1,15,78),(3674,1488398144,0,11,79),(3675,1488398144,0,10,80),(3676,1488398144,1,0,81),(3677,1488398144,1,37,82),(3678,1488398144,1,43,83),(3679,1488398144,1,5,84),(3680,1488398144,1,35,85),(3681,1488398144,1,19,86),(3682,1488398144,1,23,87),(3683,1488398144,1,48,88),(3684,1488398144,0,46,89),(3685,1488398144,1,11,90),(3686,1488398144,0,39,91),(3687,1488398144,1,27,92),(3688,1488398144,0,34,93),(3689,1488398144,0,42,94),(3690,1488398144,1,37,95),(3691,1488398144,1,34,96),(3692,1488398144,0,11,97),(3693,1488398144,1,36,98),(3694,1488398144,1,39,99),(3695,1488398144,1,30,100),(3696,1488398144,1,22,101),(3697,1488398144,1,40,102),(3698,1488398144,1,31,103),(3699,1488398144,0,26,104),(3700,1488398144,1,7,105),(3701,1488398144,0,9,106),(3702,1488398144,0,12,107),(3703,1488398144,1,4,108),(3704,1488398144,1,35,109),(3705,1488398144,1,10,110),(3706,1488398144,0,16,111),(3707,1488398144,0,26,112),(3708,1488398144,1,31,113),(3709,1488398144,0,18,114),(3710,1488398144,1,36,115),(3711,1488398144,1,16,116),(3712,1488398144,1,29,117),(3713,1488398144,1,38,118),(3714,1488398144,1,21,119),(3715,1488398144,1,47,120),(3716,1488398144,1,20,121),(3717,1488398144,0,26,122),(3718,1488398144,1,15,123),(3719,1488398144,1,38,124),(3720,1488398144,1,16,125),(3721,1488398144,1,14,126),(3722,1488398144,0,38,127),(3723,1488398144,1,25,128),(3724,1488398144,1,15,129),(3725,1488398144,1,40,130),(3726,1488398144,1,41,131),(3727,1488398144,0,20,132),(3728,1488398144,1,15,133),(3729,1488398144,1,9,134),(3730,1488398144,1,0,135),(3731,1488398144,1,41,136),(3732,1488398144,1,18,137),(3733,1488398144,0,15,138),(3734,1488398144,1,45,139),(3735,1488398144,1,19,140),(3736,1488398144,0,1,141),(3737,1488398144,1,26,142),(3738,1488398144,1,3,143),(3739,1488398144,1,18,144),(3740,1488398144,1,46,145),(3741,1488398144,1,35,146),(3742,1488398144,1,8,147),(3743,1488398144,1,34,148),(3744,1488398144,1,27,149),(3745,1488398144,1,32,150),(3746,1488398144,1,17,151),(3747,1488398144,1,30,152),(3748,1488398144,1,42,153),(3749,1488398144,1,49,154),(3750,1488398144,1,8,155),(3751,1488398144,1,35,156),(3752,1488398144,1,32,157),(3753,1488398144,0,33,158),(3754,1488398144,1,13,159),(3755,1488398144,1,38,160),(3756,1488398144,1,6,161),(3757,1488398144,1,6,162),(3758,1488398144,1,40,163),(3759,1488398144,1,38,164),(3760,1488398144,1,49,165),(3761,1488398144,1,7,166),(3762,1488398144,1,21,167),(3763,1488398144,1,15,168),(3764,1488398144,0,22,169),(3765,1488398144,1,11,170),(3766,1488398144,1,0,171),(3767,1488398144,1,45,172),(3768,1488398144,1,37,173),(3769,1488398144,1,23,174),(3770,1488398144,1,34,175),(3771,1488398144,0,14,176),(3772,1488398144,1,8,177),(3773,1488398144,0,37,178),(3774,1488398144,1,26,179),(3775,1488398144,1,11,180),(3776,1488398144,1,14,181),(3777,1488398144,1,46,182),(3778,1488398144,1,28,183),(3779,1488398144,1,26,184),(3780,1488398144,1,8,185),(3781,1488398144,1,14,186),(3782,1488398144,1,1,187),(3783,1488398144,1,2,188),(3784,1488398144,1,36,189),(3785,1488398144,1,47,190),(3786,1488398145,1,5,191),(3787,1488398145,0,7,192),(3788,1488398145,1,20,193),(3789,1488398145,1,30,194),(3790,1488398145,0,11,195),(3791,1488398145,1,31,196),(3792,1488398145,1,11,197),(3793,1488398145,0,12,198),(3794,1488398145,1,27,199),(3795,1488398145,1,39,200),(3796,1488398145,1,21,201),(3797,1488398145,1,34,202),(3798,1488398145,1,4,203),(3799,1488398145,1,6,204),(3800,1488398145,0,38,205),(3801,1488398145,0,47,206),(3802,1488398145,0,22,207),(3803,1488398145,1,9,208),(3804,1488398145,1,38,209),(3805,1488398145,1,44,210),(3806,1488398145,0,36,211),(3807,1488398145,1,47,212),(3808,1488398145,1,4,213),(3809,1488398145,1,42,214),(3810,1488398145,1,1,215),(3811,1488398145,1,44,216),(3812,1488398145,1,19,217),(3813,1488398145,1,16,218),(3814,1488398145,0,5,219),(3815,1488398145,0,13,220),(3816,1488398145,1,37,221),(3817,1488398145,1,1,222),(3818,1488398145,1,28,223),(3819,1488398145,1,10,224),(3820,1488398145,1,11,225),(3821,1488398145,1,2,226),(3822,1488398145,0,12,227),(3823,1488398145,1,10,228),(3824,1488398145,1,7,229),(3825,1488398145,1,33,230),(3826,1488398145,1,49,231),(3827,1488398145,1,8,232),(3828,1488398145,0,10,233),(3829,1488398145,1,7,234),(3830,1488398145,1,49,235),(3831,1488398145,1,45,236),(3832,1488398145,1,3,237),(3833,1488398145,1,6,238),(3834,1488398145,1,48,239),(3835,1488398145,0,42,240),(3836,1488398145,0,34,241),(3837,1488398145,1,6,242),(3838,1488398145,1,16,243),(3839,1488398145,1,21,244),(3840,1488398145,0,31,245),(3841,1488398145,1,0,246),(3842,1488398145,1,48,247),(3843,1488398145,1,29,248),(3844,1488398145,1,28,249),(3845,1488398145,1,48,250),(3846,1488398145,1,44,251),(3847,1488398145,1,30,252),(3848,1488398145,0,4,253),(3849,1488398145,1,10,254),(3850,1488398145,0,28,255),(3851,1488398145,1,30,256),(3852,1488398145,1,43,257),(3853,1488398145,0,13,258),(3854,1488398145,0,35,259),(3855,1488398145,1,34,260),(3856,1488398145,1,0,261),(3857,1488398145,1,9,262),(3858,1488398145,1,26,263),(3859,1488398145,1,20,264),(3860,1488398145,0,13,265),(3861,1488398145,1,11,266),(3862,1488398145,1,19,267),(3863,1488398145,1,14,268),(3864,1488398145,1,44,269),(3865,1488398145,0,5,270),(3866,1488398145,1,27,271),(3867,1488398145,1,26,272),(3868,1488398145,1,6,273),(3869,1488398145,1,13,274),(3870,1488398145,1,46,275),(3871,1488398145,0,24,276),(3872,1488398145,1,25,277),(3873,1488398145,1,8,278),(3874,1488398145,1,16,279),(3875,1488398145,1,21,280),(3876,1488398145,1,7,281),(3877,1488398145,1,44,282),(3878,1488398145,1,42,283),(3879,1488398145,1,0,284),(3880,1488398145,1,6,285),(3881,1488398145,1,44,286),(3882,1488398145,1,31,287),(3883,1488398145,1,43,288),(3884,1488398145,1,31,289),(3885,1488398145,1,38,290),(3886,1488398145,0,38,291),(3887,1488398145,1,7,292),(3888,1488398145,0,48,293),(3889,1488398145,1,49,294),(3890,1488398145,0,14,295),(3891,1488398145,1,39,296),(3892,1488398145,1,35,297),(3893,1488398145,0,25,298),(3894,1488398145,0,22,299),(3895,1488398145,1,46,300),(3896,1488398145,1,24,301),(3897,1488398145,1,24,302),(3898,1488398145,1,18,303),(3899,1488398145,1,14,304),(3900,1488398145,1,2,305),(3901,1488398145,1,24,306),(3902,1488398145,1,42,307),(3903,1488398145,0,0,308),(3904,1488398145,1,44,309),(3905,1488398145,1,9,310),(3906,1488398145,1,26,311),(3907,1488398145,1,43,312),(3908,1488398145,1,21,313),(3909,1488398145,1,8,314),(3910,1488398145,1,12,315),(3911,1488398145,1,23,316),(3912,1488398145,1,9,317),(3913,1488398145,1,3,318),(3914,1488398145,1,48,319),(3915,1488398145,1,46,320),(3916,1488398145,1,15,321),(3917,1488398145,0,25,322),(3918,1488398145,0,1,323),(3919,1488398145,0,41,324),(3920,1488398145,1,33,325),(3921,1488398145,1,15,326),(3922,1488398145,1,45,327),(3923,1488398145,0,15,328),(3924,1488398145,0,25,329),(3925,1488398145,1,8,330),(3926,1488398145,0,35,331),(3927,1488398145,1,35,332),(3928,1488398145,1,15,333),(3929,1488398145,1,15,334),(3930,1488398145,1,3,335),(3931,1488398145,1,28,336),(3932,1488398145,0,6,337),(3933,1488398145,1,36,338),(3934,1488398145,1,3,339),(3935,1488398145,1,47,340),(3936,1488398145,0,21,341),(3937,1488398145,1,2,342),(3938,1488398145,1,7,343),(3939,1488398145,1,28,344),(3940,1488398145,1,40,345),(3941,1488398145,0,41,346),(3942,1488398145,1,46,347),(3943,1488398145,1,23,348),(3944,1488398145,0,28,349),(3945,1488398145,0,9,350),(3946,1488398145,1,11,351),(3947,1488398145,1,35,352),(3948,1488398145,0,30,353),(3949,1488398145,1,45,354),(3950,1488398145,0,7,355),(3951,1488398145,0,6,356),(3952,1488398145,1,13,357),(3953,1488398145,1,35,358),(3954,1488398145,1,34,359),(3955,1488398145,1,12,360),(3956,1488398145,1,31,361),(3957,1488398145,1,19,362),(3958,1488398145,0,13,363),(3959,1488398145,1,39,364),(3960,1488398145,0,29,365),(3961,1488398145,1,40,366),(3962,1488398145,0,13,367),(3963,1488398145,0,44,368),(3964,1488398145,1,28,369),(3965,1488398145,0,22,370),(3966,1488398145,1,13,371),(3967,1488398145,0,34,372),(3968,1488398145,0,20,373),(3969,1488398145,0,7,374),(3970,1488398145,1,49,375),(3971,1488398145,0,25,376),(3972,1488398145,1,25,377),(3973,1488398145,1,4,378),(3974,1488398145,1,36,379),(3975,1488398145,1,24,380),(3976,1488398145,1,19,381),(3977,1488398145,1,11,382),(3978,1488398145,1,39,383),(3979,1488398145,1,27,384),(3980,1488398145,1,11,385),(3981,1488398145,1,39,386),(3982,1488398145,1,10,387),(3983,1488398145,1,43,388),(3984,1488398145,1,12,389),(3985,1488398145,1,40,390),(3986,1488398145,1,49,391),(3987,1488398145,0,39,392),(3988,1488398145,1,19,393),(3989,1488398145,0,49,394),(3990,1488398145,1,26,395),(3991,1488398145,1,2,396),(3992,1488398145,0,15,397),(3993,1488398146,1,10,1),(3994,1488398146,1,17,2),(3995,1488398146,1,33,3),(3996,1488398146,1,23,4),(3997,1488398146,1,16,5),(3998,1488398146,1,26,6),(3999,1488398146,1,11,7),(4000,1488398146,1,2,8),(4001,1488398146,1,38,9),(4002,1488398146,1,11,10),(4003,1488398146,1,33,11),(4004,1488398146,1,20,12),(4005,1488398146,1,25,13),(4006,1488398146,1,48,14),(4007,1488398146,1,21,15),(4008,1488398146,1,9,16),(4009,1488398146,1,23,17),(4010,1488398146,0,38,18),(4011,1488398146,1,12,19),(4012,1488398146,1,9,20),(4013,1488398146,1,16,21),(4014,1488398146,1,35,22),(4015,1488398146,1,38,23),(4016,1488398146,0,45,24),(4017,1488398146,1,11,25),(4018,1488398146,1,18,26),(4019,1488398146,1,29,27),(4020,1488398146,1,33,28),(4021,1488398146,1,2,29),(4022,1488398146,1,48,30),(4023,1488398146,1,26,31),(4024,1488398146,1,28,32),(4025,1488398146,0,32,33),(4026,1488398146,0,34,34),(4027,1488398146,1,1,35),(4028,1488398146,1,14,36),(4029,1488398146,1,23,37),(4030,1488398146,1,16,38),(4031,1488398146,1,30,39),(4032,1488398146,1,5,40),(4033,1488398146,1,41,41),(4034,1488398146,1,5,42),(4035,1488398146,1,7,43),(4036,1488398146,1,10,44),(4037,1488398146,1,28,45),(4038,1488398146,1,47,46),(4039,1488398146,1,23,47),(4040,1488398146,1,43,48),(4041,1488398146,1,44,49),(4042,1488398146,1,7,50),(4043,1488398146,0,19,51),(4044,1488398146,1,22,52),(4045,1488398146,1,24,53),(4046,1488398146,0,12,54),(4047,1488398146,1,11,55),(4048,1488398146,1,17,56),(4049,1488398146,1,44,57),(4050,1488398146,1,1,58),(4051,1488398146,1,15,59),(4052,1488398146,1,20,60),(4053,1488398146,1,8,61),(4054,1488398146,1,22,62),(4055,1488398146,0,5,63),(4056,1488398146,1,39,64),(4057,1488398146,1,32,65),(4058,1488398146,0,13,66),(4059,1488398146,1,43,67),(4060,1488398146,1,17,68),(4061,1488398146,0,21,69),(4062,1488398146,1,2,70),(4063,1488398146,0,22,71),(4064,1488398146,0,25,72),(4065,1488398146,1,14,73),(4066,1488398146,1,14,74),(4067,1488398146,0,40,75),(4068,1488398146,0,15,76),(4069,1488398146,1,0,77),(4070,1488398146,0,41,78),(4071,1488398146,1,43,79),(4072,1488398146,1,5,80),(4073,1488398146,1,4,81),(4074,1488398146,1,37,82),(4075,1488398146,1,31,83),(4076,1488398146,0,42,84),(4077,1488398146,1,20,85),(4078,1488398146,1,35,86),(4079,1488398146,0,11,87),(4080,1488398146,1,14,88),(4081,1488398146,1,30,89),(4082,1488398146,1,37,90),(4083,1488398146,1,33,91),(4084,1488398146,1,33,92),(4085,1488398146,1,29,93),(4086,1488398146,1,16,94),(4087,1488398146,0,28,95),(4088,1488398146,1,10,96),(4089,1488398146,1,24,97),(4090,1488398146,0,15,98),(4091,1488398146,0,11,99),(4092,1488398146,0,7,100),(4093,1488398146,1,0,101),(4094,1488398146,1,6,102),(4095,1488398146,1,41,103),(4096,1488398146,1,47,104),(4097,1488398146,0,5,105),(4098,1488398146,1,21,106),(4099,1488398146,1,13,107),(4100,1488398146,1,47,108),(4101,1488398146,1,32,109),(4102,1488398146,0,11,110),(4103,1488398146,1,49,111),(4104,1488398146,1,49,112),(4105,1488398146,1,23,113),(4106,1488398146,1,20,114),(4107,1488398146,1,9,115),(4108,1488398146,1,16,116),(4109,1488398146,1,10,117),(4110,1488398146,1,45,118),(4111,1488398146,1,29,119),(4112,1488398146,1,8,120),(4113,1488398146,1,28,121),(4114,1488398146,1,22,122),(4115,1488398146,0,41,123),(4116,1488398146,1,17,124),(4117,1488398146,1,17,125),(4118,1488398146,1,22,126),(4119,1488398146,0,46,127),(4120,1488398146,0,25,128),(4121,1488398146,1,30,129),(4122,1488398146,1,38,130),(4123,1488398146,1,3,131),(4124,1488398146,1,31,132),(4125,1488398146,1,23,133),(4126,1488398146,1,44,134),(4127,1488398146,1,25,135),(4128,1488398146,1,19,136),(4129,1488398146,0,28,137),(4130,1488398146,1,0,138),(4131,1488398146,0,8,139),(4132,1488398146,1,49,140),(4133,1488398146,1,45,141),(4134,1488398146,1,11,142),(4135,1488398146,1,24,143),(4136,1488398146,1,37,144),(4137,1488398146,1,17,145),(4138,1488398146,1,2,146),(4139,1488398146,1,26,147),(4140,1488398146,1,33,148),(4141,1488398146,0,45,149),(4142,1488398146,0,39,150),(4143,1488398146,1,34,151),(4144,1488398146,0,10,152),(4145,1488398146,1,29,153),(4146,1488398146,1,4,154),(4147,1488398146,0,16,155),(4148,1488398146,1,33,156),(4149,1488398146,1,8,157),(4150,1488398146,1,34,158),(4151,1488398146,1,10,159),(4152,1488398146,0,17,160),(4153,1488398146,1,4,161),(4154,1488398146,0,37,162),(4155,1488398146,1,24,163),(4156,1488398146,1,30,164),(4157,1488398146,0,8,165),(4158,1488398146,1,47,166),(4159,1488398146,1,6,167),(4160,1488398146,0,13,168),(4161,1488398146,0,42,169),(4162,1488398146,1,17,170),(4163,1488398146,1,17,171),(4164,1488398146,0,36,172),(4165,1488398146,1,8,173),(4166,1488398146,1,9,174),(4167,1488398147,1,7,175),(4168,1488398147,1,11,176),(4169,1488398147,1,9,177),(4170,1488398147,0,20,178),(4171,1488398147,1,30,179),(4172,1488398147,1,43,180),(4173,1488398147,1,27,181),(4174,1488398147,1,34,182),(4175,1488398147,1,20,183),(4176,1488398147,1,6,184),(4177,1488398147,0,49,185),(4178,1488398147,1,25,186),(4179,1488398147,1,8,187),(4180,1488398147,1,11,188),(4181,1488398147,1,4,189),(4182,1488398147,1,34,190),(4183,1488398147,1,12,191),(4184,1488398147,1,14,192),(4185,1488398147,1,24,193),(4186,1488398147,1,38,194),(4187,1488398147,0,0,195),(4188,1488398147,0,15,196),(4189,1488398147,1,15,197),(4190,1488398147,0,14,198),(4191,1488398147,1,12,199),(4192,1488398147,1,5,200),(4193,1488398147,0,11,201),(4194,1488398147,1,13,202),(4195,1488398147,1,43,203),(4196,1488398147,1,2,204),(4197,1488398147,0,31,205),(4198,1488398147,1,6,206),(4199,1488398147,1,35,207),(4200,1488398147,0,9,208),(4201,1488398147,1,49,209),(4202,1488398147,1,30,210),(4203,1488398147,0,34,211),(4204,1488398147,0,32,212),(4205,1488398147,1,40,213),(4206,1488398147,0,7,214),(4207,1488398147,1,17,215),(4208,1488398147,0,29,216),(4209,1488398147,1,3,217),(4210,1488398147,1,44,218),(4211,1488398147,1,37,219),(4212,1488398147,1,23,220),(4213,1488398147,1,42,221),(4214,1488398147,1,7,222),(4215,1488398147,0,11,223),(4216,1488398147,1,45,224),(4217,1488398147,1,24,225),(4218,1488398147,1,24,226),(4219,1488398147,0,22,227),(4220,1488398147,1,22,228),(4221,1488398147,1,41,229),(4222,1488398147,1,36,230),(4223,1488398147,1,8,231),(4224,1488398147,0,48,232),(4225,1488398147,1,16,233),(4226,1488398147,0,7,234),(4227,1488398147,0,8,235),(4228,1488398147,1,45,236),(4229,1488398147,0,41,237),(4230,1488398147,1,5,238),(4231,1488398147,1,46,239),(4232,1488398147,1,13,240),(4233,1488398147,1,40,241),(4234,1488398147,1,11,242),(4235,1488398147,0,10,243),(4236,1488398147,1,20,244),(4237,1488398147,1,0,245),(4238,1488398147,1,17,246),(4239,1488398147,1,27,247),(4240,1488398147,1,1,248),(4241,1488398147,1,41,249),(4242,1488398147,1,48,250),(4243,1488398147,1,44,251),(4244,1488398147,0,25,252),(4245,1488398147,1,4,253),(4246,1488398147,1,26,254),(4247,1488398147,0,13,255),(4248,1488398147,0,11,256),(4249,1488398147,1,23,257),(4250,1488398147,1,19,258),(4251,1488398147,1,8,259),(4252,1488398147,1,15,260),(4253,1488398147,1,4,261),(4254,1488398147,0,1,262),(4255,1488398147,1,31,263),(4256,1488398147,1,26,264),(4257,1488398147,1,19,265),(4258,1488398147,1,12,266),(4259,1488398147,1,12,267),(4260,1488398147,0,48,268),(4261,1488398147,0,46,269),(4262,1488398147,0,11,270),(4263,1488398147,1,20,271),(4264,1488398147,1,31,272),(4265,1488398147,1,46,273),(4266,1488398147,1,36,274),(4267,1488398147,0,40,275),(4268,1488398147,1,44,276),(4269,1488398147,1,2,277),(4270,1488398147,1,5,278),(4271,1488398147,1,33,279),(4272,1488398147,1,23,280),(4273,1488398147,1,35,281),(4274,1488398147,1,2,282),(4275,1488398147,1,2,283),(4276,1488398147,1,0,284),(4277,1488398147,1,13,285),(4278,1488398147,1,12,286),(4279,1488398147,0,47,287),(4280,1488398147,1,10,288),(4281,1488398147,0,24,289),(4282,1488398147,1,8,290),(4283,1488398147,1,36,291),(4284,1488398147,1,35,292),(4285,1488398147,1,33,293),(4286,1488398147,1,18,294),(4287,1488398147,1,26,295),(4288,1488398147,1,9,296),(4289,1488398147,1,11,297),(4290,1488398147,0,24,298),(4291,1488398147,1,26,299),(4292,1488398147,1,11,300),(4293,1488398147,0,44,301),(4294,1488398147,1,29,302),(4295,1488398147,1,23,303),(4296,1488398147,1,29,304),(4297,1488398147,1,2,305),(4298,1488398147,1,44,306),(4299,1488398147,1,41,307),(4300,1488398147,1,10,308),(4301,1488398147,1,24,309),(4302,1488398147,1,42,310),(4303,1488398147,1,25,311),(4304,1488398147,0,18,312),(4305,1488398147,1,41,313),(4306,1488398147,1,18,314),(4307,1488398147,1,11,315),(4308,1488398147,1,22,316),(4309,1488398147,1,16,317),(4310,1488398147,1,0,318),(4311,1488398147,1,37,319),(4312,1488398147,1,47,320),(4313,1488398147,0,39,321),(4314,1488398147,1,35,322),(4315,1488398147,1,3,323),(4316,1488398147,1,35,324),(4317,1488398147,1,20,325),(4318,1488398147,1,5,326),(4319,1488398147,1,31,327),(4320,1488398147,1,24,328),(4321,1488398147,1,48,329),(4322,1488398147,1,35,330),(4323,1488398147,1,46,331),(4324,1488398147,1,38,332),(4325,1488398147,1,42,333),(4326,1488398147,1,44,334),(4327,1488398147,1,44,335),(4328,1488398147,0,18,336),(4329,1488398147,1,17,337),(4330,1488398147,1,12,338),(4331,1488398147,1,33,339),(4332,1488398147,1,12,340),(4333,1488398147,1,25,341),(4334,1488398147,1,31,342),(4335,1488398147,1,7,343),(4336,1488398147,1,24,344),(4337,1488398147,0,30,345),(4338,1488398147,1,3,346),(4339,1488398147,1,18,347),(4340,1488398147,0,22,348),(4341,1488398147,1,34,349),(4342,1488398147,0,23,350),(4343,1488398147,1,49,351),(4344,1488398147,1,18,352),(4345,1488398147,1,28,353),(4346,1488398147,0,37,354),(4347,1488398147,1,45,355),(4348,1488398147,1,27,356),(4349,1488398147,0,29,357),(4350,1488398147,1,30,358),(4351,1488398147,1,34,359),(4352,1488398147,1,20,360),(4353,1488398147,1,31,361),(4354,1488398147,1,23,362),(4355,1488398147,1,18,363),(4356,1488398147,1,13,364),(4357,1488398147,1,42,365),(4358,1488398147,1,6,366),(4359,1488398147,1,42,367),(4360,1488398147,1,23,368),(4361,1488398147,1,13,369),(4362,1488398147,1,43,370),(4363,1488398147,0,41,371),(4364,1488398147,1,29,372),(4365,1488398147,1,27,373),(4366,1488398147,1,32,374),(4367,1488398147,1,39,375),(4368,1488398147,0,37,376),(4369,1488398147,1,22,377),(4370,1488398147,1,8,378),(4371,1488398147,1,34,379),(4372,1488398147,1,12,380),(4373,1488398147,1,25,381),(4374,1488398147,1,24,382),(4375,1488398147,1,8,383),(4376,1488398147,0,18,384),(4377,1488398147,1,30,385),(4378,1488398147,1,40,386),(4379,1488398147,0,16,387),(4380,1488398147,1,12,388),(4381,1488398147,1,7,389),(4382,1488398147,1,2,390),(4383,1488398147,1,1,391),(4384,1488398147,1,49,392),(4385,1488398147,1,10,393),(4386,1488398147,1,33,394),(4387,1488398147,1,34,395),(4388,1488398147,1,9,396),(4389,1488398147,1,25,397),(4390,1488398149,1,32,1),(4391,1488398149,1,45,2),(4392,1488398149,1,11,3),(4393,1488398149,1,27,4),(4394,1488398149,1,23,5),(4395,1488398149,1,4,6),(4396,1488398149,0,33,7),(4397,1488398149,1,34,8),(4398,1488398149,1,6,9),(4399,1488398149,0,49,10),(4400,1488398149,1,16,11),(4401,1488398149,1,4,12),(4402,1488398149,1,12,13),(4403,1488398149,1,44,14),(4404,1488398149,0,31,15),(4405,1488398149,0,37,16),(4406,1488398149,1,2,17),(4407,1488398149,1,7,18),(4408,1488398149,0,43,19),(4409,1488398149,1,29,20),(4410,1488398149,1,7,21),(4411,1488398149,0,9,22),(4412,1488398149,1,42,23),(4413,1488398149,0,29,24),(4414,1488398149,1,1,25),(4415,1488398149,1,27,26),(4416,1488398149,1,16,27),(4417,1488398149,1,32,28),(4418,1488398149,1,1,29),(4419,1488398149,0,10,30),(4420,1488398149,0,48,31),(4421,1488398149,0,3,32),(4422,1488398149,1,9,33),(4423,1488398149,1,12,34),(4424,1488398149,0,33,35),(4425,1488398149,0,25,36),(4426,1488398149,1,36,37),(4427,1488398149,1,3,38),(4428,1488398149,1,25,39),(4429,1488398149,1,29,40),(4430,1488398149,0,22,41),(4431,1488398149,1,11,42),(4432,1488398149,1,20,43),(4433,1488398149,1,43,44),(4434,1488398149,1,20,45),(4435,1488398149,1,2,46),(4436,1488398149,0,40,47),(4437,1488398149,1,21,48),(4438,1488398149,1,38,49),(4439,1488398149,1,41,50),(4440,1488398149,1,45,51),(4441,1488398149,1,11,52),(4442,1488398149,1,8,53),(4443,1488398149,0,22,54),(4444,1488398149,1,41,55),(4445,1488398149,1,30,56),(4446,1488398149,0,49,57),(4447,1488398149,0,13,58),(4448,1488398149,1,40,59),(4449,1488398149,0,34,60),(4450,1488398149,1,20,61),(4451,1488398149,0,33,62),(4452,1488398149,0,10,63),(4453,1488398149,1,6,64),(4454,1488398149,1,17,65),(4455,1488398149,1,4,66),(4456,1488398149,1,18,67),(4457,1488398149,1,25,68),(4458,1488398149,1,2,69),(4459,1488398149,1,7,70),(4460,1488398149,1,13,71),(4461,1488398149,1,14,72),(4462,1488398149,1,1,73),(4463,1488398149,0,3,74),(4464,1488398149,0,24,75),(4465,1488398149,0,18,76),(4466,1488398149,1,11,77),(4467,1488398149,0,48,78),(4468,1488398149,1,31,79),(4469,1488398149,1,21,80),(4470,1488398149,0,48,81),(4471,1488398149,0,0,82),(4472,1488398149,0,1,83),(4473,1488398149,1,24,84),(4474,1488398149,0,17,85),(4475,1488398149,1,42,86),(4476,1488398149,1,25,87),(4477,1488398149,0,43,88),(4478,1488398149,1,49,89),(4479,1488398149,0,11,90),(4480,1488398149,1,42,91),(4481,1488398149,1,15,92),(4482,1488398149,0,34,93),(4483,1488398149,0,9,94),(4484,1488398149,1,33,95),(4485,1488398149,1,20,96),(4486,1488398149,1,20,97),(4487,1488398149,1,8,98),(4488,1488398149,1,15,99),(4489,1488398149,1,32,100),(4490,1488398149,1,28,101),(4491,1488398149,0,44,102),(4492,1488398149,0,1,103),(4493,1488398149,1,44,104),(4494,1488398149,1,7,105),(4495,1488398149,1,41,106),(4496,1488398149,1,20,107),(4497,1488398149,1,31,108),(4498,1488398149,1,4,109),(4499,1488398149,0,37,110),(4500,1488398149,1,21,111),(4501,1488398149,1,37,112),(4502,1488398149,1,44,113),(4503,1488398149,1,1,114),(4504,1488398149,1,20,115),(4505,1488398149,0,45,116),(4506,1488398149,1,36,117),(4507,1488398149,1,45,118),(4508,1488398149,1,49,119),(4509,1488398149,1,16,120),(4510,1488398149,1,42,121),(4511,1488398149,0,4,122),(4512,1488398149,0,37,123),(4513,1488398149,1,12,124),(4514,1488398149,0,10,125),(4515,1488398149,1,15,126),(4516,1488398149,0,7,127),(4517,1488398149,1,38,128),(4518,1488398149,1,35,129),(4519,1488398149,1,29,130),(4520,1488398149,1,10,131),(4521,1488398149,1,38,132),(4522,1488398149,0,12,133),(4523,1488398149,1,6,134),(4524,1488398149,1,34,135),(4525,1488398149,1,13,136),(4526,1488398149,1,43,137),(4527,1488398149,0,0,138),(4528,1488398149,1,18,139),(4529,1488398149,1,28,140),(4530,1488398149,1,13,141),(4531,1488398149,0,18,142),(4532,1488398149,1,38,143),(4533,1488398149,1,11,144),(4534,1488398149,1,44,145),(4535,1488398149,1,25,146),(4536,1488398149,1,0,147),(4537,1488398149,1,41,148),(4538,1488398149,1,36,149),(4539,1488398149,0,21,150),(4540,1488398149,0,44,151),(4541,1488398149,1,28,152),(4542,1488398149,1,22,153),(4543,1488398149,0,6,154),(4544,1488398149,1,48,155),(4545,1488398149,1,2,156),(4546,1488398149,1,14,157),(4547,1488398149,1,20,158),(4548,1488398149,0,2,159),(4549,1488398149,1,41,160),(4550,1488398149,0,31,161),(4551,1488398149,1,26,162),(4552,1488398149,1,45,163),(4553,1488398149,1,36,164),(4554,1488398149,1,7,165),(4555,1488398149,1,30,166),(4556,1488398149,0,34,167),(4557,1488398149,0,29,168),(4558,1488398149,0,41,169),(4559,1488398149,1,46,170),(4560,1488398149,1,40,171),(4561,1488398149,1,33,172),(4562,1488398149,1,7,173),(4563,1488398149,1,10,174),(4564,1488398149,1,25,175),(4565,1488398149,1,3,176),(4566,1488398149,1,0,177),(4567,1488398149,0,23,178),(4568,1488398149,1,25,179),(4569,1488398149,1,47,180),(4570,1488398149,1,30,181),(4571,1488398149,1,48,182),(4572,1488398149,1,29,183),(4573,1488398149,1,11,184),(4574,1488398149,1,23,185),(4575,1488398149,1,21,186),(4576,1488398149,1,9,187),(4577,1488398149,1,8,188),(4578,1488398149,1,2,189),(4579,1488398149,0,44,190),(4580,1488398150,1,23,191),(4581,1488398150,0,19,192),(4582,1488398150,1,16,193),(4583,1488398150,1,33,194),(4584,1488398150,1,28,195),(4585,1488398150,1,4,196),(4586,1488398150,1,40,197),(4587,1488398150,1,10,198),(4588,1488398150,0,24,199),(4589,1488398150,1,6,200),(4590,1488398150,1,17,201),(4591,1488398150,1,36,202),(4592,1488398150,0,42,203),(4593,1488398150,1,28,204),(4594,1488398150,1,42,205),(4595,1488398150,1,32,206),(4596,1488398150,0,40,207),(4597,1488398150,1,40,208),(4598,1488398150,1,2,209),(4599,1488398150,1,27,210),(4600,1488398150,1,30,211),(4601,1488398150,0,19,212),(4602,1488398150,1,11,213),(4603,1488398150,1,12,214),(4604,1488398150,1,20,215),(4605,1488398150,1,6,216),(4606,1488398150,1,31,217),(4607,1488398150,0,30,218),(4608,1488398150,1,29,219),(4609,1488398150,1,7,220),(4610,1488398150,1,11,221),(4611,1488398150,1,5,222),(4612,1488398150,1,36,223),(4613,1488398150,1,7,224),(4614,1488398150,0,37,225),(4615,1488398150,1,27,226),(4616,1488398150,1,26,227),(4617,1488398150,1,20,228),(4618,1488398150,1,22,229),(4619,1488398150,1,0,230),(4620,1488398150,1,42,231),(4621,1488398150,0,17,232),(4622,1488398150,1,37,233),(4623,1488398150,1,1,234),(4624,1488398150,1,17,235),(4625,1488398150,0,22,236),(4626,1488398150,1,47,237),(4627,1488398150,1,31,238),(4628,1488398150,1,5,239),(4629,1488398150,0,42,240),(4630,1488398150,0,12,241),(4631,1488398150,1,25,242),(4632,1488398150,1,45,243),(4633,1488398150,1,27,244),(4634,1488398150,1,42,245),(4635,1488398150,1,8,246),(4636,1488398150,1,12,247),(4637,1488398150,1,17,248),(4638,1488398150,0,30,249),(4639,1488398150,0,19,250),(4640,1488398150,1,36,251),(4641,1488398150,0,2,252),(4642,1488398150,1,43,253),(4643,1488398150,1,21,254),(4644,1488398150,1,26,255),(4645,1488398150,1,22,256),(4646,1488398150,1,12,257),(4647,1488398150,1,46,258),(4648,1488398150,1,44,259),(4649,1488398150,1,35,260),(4650,1488398150,1,37,261),(4651,1488398150,1,35,262),(4652,1488398150,0,39,263),(4653,1488398150,1,43,264),(4654,1488398150,1,4,265),(4655,1488398150,1,32,266),(4656,1488398150,1,21,267),(4657,1488398150,1,11,268),(4658,1488398150,1,34,269),(4659,1488398150,1,8,270),(4660,1488398150,0,2,271),(4661,1488398150,1,23,272),(4662,1488398150,0,4,273),(4663,1488398150,1,9,274),(4664,1488398150,0,32,275),(4665,1488398150,1,13,276),(4666,1488398150,0,47,277),(4667,1488398150,1,35,278),(4668,1488398150,1,29,279),(4669,1488398150,0,14,280),(4670,1488398150,0,35,281),(4671,1488398150,1,30,282),(4672,1488398150,0,49,283),(4673,1488398150,1,3,284),(4674,1488398150,1,47,285),(4675,1488398150,1,25,286),(4676,1488398150,1,25,287),(4677,1488398150,1,7,288),(4678,1488398150,1,49,289),(4679,1488398150,1,37,290),(4680,1488398150,1,31,291),(4681,1488398150,1,27,292),(4682,1488398150,0,20,293),(4683,1488398150,1,42,294),(4684,1488398150,1,17,295),(4685,1488398150,1,15,296),(4686,1488398150,1,40,297),(4687,1488398150,1,5,298),(4688,1488398150,1,2,299),(4689,1488398150,1,4,300),(4690,1488398150,1,45,301),(4691,1488398150,1,4,302),(4692,1488398150,1,4,303),(4693,1488398150,1,24,304),(4694,1488398150,1,45,305),(4695,1488398150,1,42,306),(4696,1488398150,1,31,307),(4697,1488398150,1,43,308),(4698,1488398150,1,15,309),(4699,1488398150,1,19,310),(4700,1488398150,1,8,311),(4701,1488398150,1,2,312),(4702,1488398150,1,11,313),(4703,1488398150,1,38,314),(4704,1488398150,1,11,315),(4705,1488398150,1,31,316),(4706,1488398150,1,32,317),(4707,1488398150,0,20,318),(4708,1488398150,1,34,319),(4709,1488398150,0,28,320),(4710,1488398150,1,29,321),(4711,1488398150,1,45,322),(4712,1488398150,0,18,323),(4713,1488398150,1,4,324),(4714,1488398150,0,18,325),(4715,1488398150,0,42,326),(4716,1488398150,1,48,327),(4717,1488398150,1,39,328),(4718,1488398150,1,29,329),(4719,1488398150,1,16,330),(4720,1488398150,1,31,331),(4721,1488398150,1,15,332),(4722,1488398150,1,46,333),(4723,1488398150,1,14,334),(4724,1488398150,0,4,335),(4725,1488398150,1,41,336),(4726,1488398150,1,39,337),(4727,1488398150,1,14,338),(4728,1488398150,1,12,339),(4729,1488398150,1,49,340),(4730,1488398150,1,37,341),(4731,1488398150,1,39,342),(4732,1488398150,0,10,343),(4733,1488398150,1,48,344),(4734,1488398150,1,25,345),(4735,1488398150,0,38,346),(4736,1488398150,1,43,347),(4737,1488398150,1,6,348),(4738,1488398150,1,3,349),(4739,1488398150,1,40,350),(4740,1488398150,1,16,351),(4741,1488398150,0,16,352),(4742,1488398150,1,25,353),(4743,1488398150,0,15,354),(4744,1488398150,0,7,355),(4745,1488398150,1,25,356),(4746,1488398150,0,31,357),(4747,1488398150,1,41,358),(4748,1488398150,0,35,359),(4749,1488398150,0,41,360),(4750,1488398150,0,23,361),(4751,1488398150,1,38,362),(4752,1488398150,1,42,363),(4753,1488398150,1,49,364),(4754,1488398150,1,3,365),(4755,1488398150,1,9,366),(4756,1488398150,1,9,367),(4757,1488398150,1,22,368),(4758,1488398150,1,42,369),(4759,1488398150,1,14,370),(4760,1488398150,0,31,371),(4761,1488398150,1,11,372),(4762,1488398150,0,38,373),(4763,1488398150,0,6,374),(4764,1488398150,1,15,375),(4765,1488398150,0,29,376),(4766,1488398150,0,47,377),(4767,1488398150,1,26,378),(4768,1488398150,1,9,379),(4769,1488398150,1,19,380),(4770,1488398150,1,10,381),(4771,1488398150,1,14,382),(4772,1488398150,0,2,383),(4773,1488398150,1,26,384),(4774,1488398150,1,20,385),(4775,1488398150,1,7,386),(4776,1488398150,1,38,387),(4777,1488398150,1,30,388),(4778,1488398150,1,32,389),(4779,1488398150,1,31,390),(4780,1488398150,0,21,391),(4781,1488398150,1,14,392),(4782,1488398150,0,7,393),(4783,1488398150,1,38,394),(4784,1488398150,1,35,395),(4785,1488398150,1,21,396),(4786,1488398150,1,31,397),(4787,1488398151,1,34,1),(4788,1488398151,0,13,2),(4789,1488398151,1,32,3),(4790,1488398151,0,1,4),(4791,1488398151,1,23,5),(4792,1488398151,1,38,6),(4793,1488398151,1,12,7),(4794,1488398151,1,24,8),(4795,1488398151,0,33,9),(4796,1488398151,1,27,10),(4797,1488398151,1,35,11),(4798,1488398151,0,29,12),(4799,1488398151,0,48,13),(4800,1488398151,0,29,14),(4801,1488398151,1,11,15),(4802,1488398151,0,31,16),(4803,1488398151,0,25,17),(4804,1488398151,0,3,18),(4805,1488398151,0,45,19),(4806,1488398151,1,6,20),(4807,1488398151,1,26,21),(4808,1488398151,1,7,22),(4809,1488398151,1,31,23),(4810,1488398151,1,31,24),(4811,1488398151,1,29,25),(4812,1488398151,0,6,26),(4813,1488398151,1,17,27),(4814,1488398151,1,40,28),(4815,1488398151,1,49,29),(4816,1488398151,1,38,30),(4817,1488398151,1,0,31),(4818,1488398151,1,25,32),(4819,1488398151,1,32,33),(4820,1488398151,1,25,34),(4821,1488398151,1,14,35),(4822,1488398151,1,26,36),(4823,1488398151,1,16,37),(4824,1488398151,1,6,38),(4825,1488398151,0,20,39),(4826,1488398151,0,0,40),(4827,1488398151,1,33,41),(4828,1488398151,1,39,42),(4829,1488398151,1,26,43),(4830,1488398151,1,5,44),(4831,1488398151,1,9,45),(4832,1488398151,1,16,46),(4833,1488398151,1,22,47),(4834,1488398151,1,10,48),(4835,1488398151,1,37,49),(4836,1488398151,0,26,50),(4837,1488398151,1,35,51),(4838,1488398151,0,41,52),(4839,1488398151,1,45,53),(4840,1488398151,1,8,54),(4841,1488398151,1,31,55),(4842,1488398151,1,23,56),(4843,1488398151,1,1,57),(4844,1488398151,1,15,58),(4845,1488398151,1,12,59),(4846,1488398151,1,32,60),(4847,1488398151,1,42,61),(4848,1488398151,0,35,62),(4849,1488398151,1,4,63),(4850,1488398151,1,46,64),(4851,1488398151,1,24,65),(4852,1488398151,1,15,66),(4853,1488398151,0,5,67),(4854,1488398151,0,45,68),(4855,1488398151,1,14,69),(4856,1488398151,1,37,70),(4857,1488398151,0,32,71),(4858,1488398151,1,32,72),(4859,1488398151,1,41,73),(4860,1488398151,1,4,74),(4861,1488398151,1,21,75),(4862,1488398151,1,37,76),(4863,1488398151,1,13,77),(4864,1488398151,1,23,78),(4865,1488398151,1,1,79),(4866,1488398151,1,20,80),(4867,1488398151,1,12,81),(4868,1488398151,1,34,82),(4869,1488398151,1,29,83),(4870,1488398151,1,23,84),(4871,1488398151,1,30,85),(4872,1488398151,0,34,86),(4873,1488398151,1,49,87),(4874,1488398151,1,24,88),(4875,1488398151,1,27,89),(4876,1488398151,1,49,90),(4877,1488398151,0,46,91),(4878,1488398151,1,18,92),(4879,1488398151,1,31,93),(4880,1488398151,1,44,94),(4881,1488398151,1,11,95),(4882,1488398151,1,14,96),(4883,1488398151,1,40,97),(4884,1488398151,1,34,98),(4885,1488398151,0,13,99),(4886,1488398151,1,2,100),(4887,1488398151,1,32,101),(4888,1488398151,1,23,102),(4889,1488398151,0,44,103),(4890,1488398151,1,47,104),(4891,1488398151,1,40,105),(4892,1488398151,1,46,106),(4893,1488398151,0,38,107),(4894,1488398151,1,48,108),(4895,1488398151,1,0,109),(4896,1488398151,1,3,110),(4897,1488398151,1,47,111),(4898,1488398151,0,48,112),(4899,1488398151,1,40,113),(4900,1488398151,0,3,114),(4901,1488398151,1,42,115),(4902,1488398151,1,29,116),(4903,1488398151,1,32,117),(4904,1488398151,0,10,118),(4905,1488398151,1,49,119),(4906,1488398151,1,36,120),(4907,1488398151,1,35,121),(4908,1488398151,0,25,122),(4909,1488398151,1,26,123),(4910,1488398151,1,40,124),(4911,1488398151,1,39,125),(4912,1488398151,1,49,126),(4913,1488398151,1,22,127),(4914,1488398151,1,48,128),(4915,1488398151,0,30,129),(4916,1488398151,1,46,130),(4917,1488398151,0,44,131),(4918,1488398151,1,12,132),(4919,1488398151,1,3,133),(4920,1488398151,1,43,134),(4921,1488398151,1,37,135),(4922,1488398151,1,47,136),(4923,1488398151,1,2,137),(4924,1488398151,1,40,138),(4925,1488398151,1,28,139),(4926,1488398151,1,45,140),(4927,1488398151,1,17,141),(4928,1488398151,1,43,142),(4929,1488398151,1,38,143),(4930,1488398151,1,47,144),(4931,1488398151,1,39,145),(4932,1488398151,1,36,146),(4933,1488398151,1,48,147),(4934,1488398151,1,43,148),(4935,1488398151,1,43,149),(4936,1488398151,1,29,150),(4937,1488398151,1,46,151),(4938,1488398151,1,29,152),(4939,1488398151,0,39,153),(4940,1488398151,1,28,154),(4941,1488398151,1,12,155),(4942,1488398151,1,33,156),(4943,1488398151,1,33,157),(4944,1488398151,1,36,158),(4945,1488398151,1,32,159),(4946,1488398151,1,12,160),(4947,1488398151,1,16,161),(4948,1488398151,0,1,162),(4949,1488398151,0,38,163),(4950,1488398151,1,22,164),(4951,1488398151,1,47,165),(4952,1488398151,1,9,166),(4953,1488398151,0,45,167),(4954,1488398151,1,1,168),(4955,1488398151,1,47,169),(4956,1488398151,1,2,170),(4957,1488398151,1,15,171),(4958,1488398151,1,24,172),(4959,1488398151,1,21,173),(4960,1488398151,1,11,174),(4961,1488398151,0,26,175),(4962,1488398151,1,44,176),(4963,1488398151,1,39,177),(4964,1488398151,1,39,178),(4965,1488398151,1,28,179),(4966,1488398151,1,30,180),(4967,1488398151,0,47,181),(4968,1488398151,0,4,182),(4969,1488398151,1,5,183),(4970,1488398151,1,2,184),(4971,1488398151,1,28,185),(4972,1488398151,1,26,186),(4973,1488398151,1,27,187),(4974,1488398151,0,32,188),(4975,1488398151,1,8,189),(4976,1488398151,1,8,190),(4977,1488398151,1,8,191),(4978,1488398151,1,16,192),(4979,1488398151,1,10,193),(4980,1488398151,1,18,194),(4981,1488398151,1,34,195),(4982,1488398151,1,22,196),(4983,1488398151,1,13,197),(4984,1488398151,1,16,198),(4985,1488398151,1,32,199),(4986,1488398151,1,34,200),(4987,1488398151,0,18,201),(4988,1488398151,0,10,202),(4989,1488398151,1,2,203),(4990,1488398151,1,2,204),(4991,1488398151,1,26,205),(4992,1488398151,1,20,206),(4993,1488398151,1,21,207),(4994,1488398151,1,16,208),(4995,1488398151,1,44,209),(4996,1488398151,1,43,210),(4997,1488398151,0,40,211),(4998,1488398151,1,31,212),(4999,1488398151,1,45,213),(5000,1488398151,1,43,214),(5001,1488398151,1,9,215),(5002,1488398151,1,28,216),(5003,1488398151,1,46,217),(5004,1488398151,1,40,218),(5005,1488398151,1,6,219),(5006,1488398151,1,19,220),(5007,1488398151,1,40,221),(5008,1488398151,1,11,222),(5009,1488398151,1,18,223),(5010,1488398151,1,14,224),(5011,1488398151,1,42,225),(5012,1488398151,1,17,226),(5013,1488398151,0,11,227),(5014,1488398151,1,28,228),(5015,1488398151,1,46,229),(5016,1488398151,0,23,230),(5017,1488398151,1,4,231),(5018,1488398151,1,30,232),(5019,1488398151,1,17,233),(5020,1488398151,1,23,234),(5021,1488398151,1,7,235),(5022,1488398151,1,17,236),(5023,1488398151,1,15,237),(5024,1488398151,1,17,238),(5025,1488398151,0,16,239),(5026,1488398151,1,26,240),(5027,1488398151,1,18,241),(5028,1488398151,1,17,242),(5029,1488398151,0,5,243),(5030,1488398151,1,46,244),(5031,1488398151,1,3,245),(5032,1488398151,1,28,246),(5033,1488398151,1,21,247),(5034,1488398151,1,41,248),(5035,1488398151,1,29,249),(5036,1488398151,1,41,250),(5037,1488398151,1,15,251),(5038,1488398151,0,39,252),(5039,1488398151,1,28,253),(5040,1488398151,0,31,254),(5041,1488398151,1,42,255),(5042,1488398151,1,0,256),(5043,1488398151,1,49,257),(5044,1488398151,0,9,258),(5045,1488398151,1,13,259),(5046,1488398151,0,44,260),(5047,1488398151,1,0,261),(5048,1488398151,0,31,262),(5049,1488398152,0,4,263),(5050,1488398152,0,31,264),(5051,1488398152,1,8,265),(5052,1488398152,0,8,266),(5053,1488398152,1,40,267),(5054,1488398152,1,10,268),(5055,1488398152,1,41,269),(5056,1488398152,1,11,270),(5057,1488398152,1,40,271),(5058,1488398152,0,42,272),(5059,1488398152,1,15,273),(5060,1488398152,1,34,274),(5061,1488398152,1,10,275),(5062,1488398152,1,36,276),(5063,1488398152,1,31,277),(5064,1488398152,1,43,278),(5065,1488398152,1,2,279),(5066,1488398152,1,38,280),(5067,1488398152,1,46,281),(5068,1488398152,0,41,282),(5069,1488398152,0,3,283),(5070,1488398152,1,13,284),(5071,1488398152,1,8,285),(5072,1488398152,1,31,286),(5073,1488398152,1,35,287),(5074,1488398152,1,32,288),(5075,1488398152,1,30,289),(5076,1488398152,0,18,290),(5077,1488398152,0,27,291),(5078,1488398152,1,9,292),(5079,1488398152,1,38,293),(5080,1488398152,1,24,294),(5081,1488398152,1,39,295),(5082,1488398152,1,10,296),(5083,1488398152,1,14,297),(5084,1488398152,1,13,298),(5085,1488398152,1,17,299),(5086,1488398152,1,13,300),(5087,1488398152,1,46,301),(5088,1488398152,1,15,302),(5089,1488398152,1,42,303),(5090,1488398152,1,4,304),(5091,1488398152,1,28,305),(5092,1488398152,0,44,306),(5093,1488398152,1,20,307),(5094,1488398152,1,5,308),(5095,1488398152,1,30,309),(5096,1488398152,0,28,310),(5097,1488398152,1,36,311),(5098,1488398152,0,47,312),(5099,1488398152,1,26,313),(5100,1488398152,1,26,314),(5101,1488398152,1,28,315),(5102,1488398152,0,44,316),(5103,1488398152,1,10,317),(5104,1488398152,1,49,318),(5105,1488398152,0,2,319),(5106,1488398152,1,9,320),(5107,1488398152,1,12,321),(5108,1488398152,1,12,322),(5109,1488398152,1,35,323),(5110,1488398152,1,19,324),(5111,1488398152,1,20,325),(5112,1488398152,0,39,326),(5113,1488398152,1,37,327),(5114,1488398152,1,28,328),(5115,1488398152,1,44,329),(5116,1488398152,1,44,330),(5117,1488398152,1,4,331),(5118,1488398152,1,27,332),(5119,1488398152,1,16,333),(5120,1488398152,1,1,334),(5121,1488398152,1,27,335),(5122,1488398152,1,11,336),(5123,1488398152,1,12,337),(5124,1488398152,1,38,338),(5125,1488398152,1,18,339),(5126,1488398152,1,43,340),(5127,1488398152,1,30,341),(5128,1488398152,1,28,342),(5129,1488398152,1,7,343),(5130,1488398152,1,9,344),(5131,1488398152,1,0,345),(5132,1488398152,1,4,346),(5133,1488398152,1,25,347),(5134,1488398152,1,39,348),(5135,1488398152,1,3,349),(5136,1488398152,0,16,350),(5137,1488398152,1,37,351),(5138,1488398152,0,20,352),(5139,1488398152,0,17,353),(5140,1488398152,1,22,354),(5141,1488398152,1,26,355),(5142,1488398152,0,44,356),(5143,1488398152,1,9,357),(5144,1488398152,1,20,358),(5145,1488398152,1,11,359),(5146,1488398152,0,26,360),(5147,1488398152,1,48,361),(5148,1488398152,0,13,362),(5149,1488398152,1,20,363),(5150,1488398152,0,19,364),(5151,1488398152,1,8,365),(5152,1488398152,1,49,366),(5153,1488398152,1,32,367),(5154,1488398152,1,29,368),(5155,1488398152,1,8,369),(5156,1488398152,1,3,370),(5157,1488398152,1,22,371),(5158,1488398152,1,5,372),(5159,1488398152,0,3,373),(5160,1488398152,1,43,374),(5161,1488398152,1,15,375),(5162,1488398152,1,11,376),(5163,1488398152,1,44,377),(5164,1488398152,1,39,378),(5165,1488398152,1,36,379),(5166,1488398152,0,27,380),(5167,1488398152,1,6,381),(5168,1488398152,0,24,382),(5169,1488398152,0,16,383),(5170,1488398152,1,4,384),(5171,1488398152,1,11,385),(5172,1488398152,1,27,386),(5173,1488398152,1,7,387),(5174,1488398152,1,3,388),(5175,1488398152,1,33,389),(5176,1488398152,1,47,390),(5177,1488398152,1,28,391),(5178,1488398152,0,21,392),(5179,1488398152,0,7,393),(5180,1488398152,1,40,394),(5181,1488398152,1,39,395),(5182,1488398152,1,32,396),(5183,1488398152,0,0,397),(5184,1488398153,0,44,1),(5185,1488398153,1,13,2),(5186,1488398153,1,11,3),(5187,1488398153,1,8,4),(5188,1488398153,1,11,5),(5189,1488398153,0,28,6),(5190,1488398153,1,11,7),(5191,1488398153,1,18,8),(5192,1488398153,1,44,9),(5193,1488398153,1,34,10),(5194,1488398153,1,37,11),(5195,1488398153,1,18,12),(5196,1488398153,1,10,13),(5197,1488398153,1,36,14),(5198,1488398153,1,7,15),(5199,1488398153,1,39,16),(5200,1488398153,1,38,17),(5201,1488398153,1,37,18),(5202,1488398153,1,16,19),(5203,1488398153,1,48,20),(5204,1488398153,1,33,21),(5205,1488398153,1,19,22),(5206,1488398153,0,40,23),(5207,1488398153,1,23,24),(5208,1488398153,1,41,25),(5209,1488398153,1,3,26),(5210,1488398153,1,38,27),(5211,1488398153,0,32,28),(5212,1488398153,1,46,29),(5213,1488398153,1,11,30),(5214,1488398153,1,21,31),(5215,1488398153,1,19,32),(5216,1488398153,1,3,33),(5217,1488398153,1,31,34),(5218,1488398153,1,33,35),(5219,1488398153,1,16,36),(5220,1488398153,1,23,37),(5221,1488398153,1,17,38),(5222,1488398153,1,48,39),(5223,1488398153,1,0,40),(5224,1488398153,1,39,41),(5225,1488398153,1,5,42),(5226,1488398153,0,39,43),(5227,1488398153,1,8,44),(5228,1488398153,0,27,45),(5229,1488398153,1,31,46),(5230,1488398153,1,29,47),(5231,1488398153,1,4,48),(5232,1488398153,0,18,49),(5233,1488398153,1,16,50),(5234,1488398153,1,12,51),(5235,1488398153,1,16,52),(5236,1488398153,1,19,53),(5237,1488398153,1,23,54),(5238,1488398153,1,35,55),(5239,1488398153,1,13,56),(5240,1488398153,1,16,57),(5241,1488398153,1,15,58),(5242,1488398153,1,29,59),(5243,1488398153,1,22,60),(5244,1488398153,0,32,61),(5245,1488398153,1,19,62),(5246,1488398153,0,2,63),(5247,1488398153,1,33,64),(5248,1488398153,0,16,65),(5249,1488398153,1,6,66),(5250,1488398153,1,25,67),(5251,1488398153,1,28,68),(5252,1488398153,1,45,69),(5253,1488398153,1,18,70),(5254,1488398153,1,21,71),(5255,1488398153,1,49,72),(5256,1488398153,0,33,73),(5257,1488398153,0,5,74),(5258,1488398153,1,24,75),(5259,1488398153,1,29,76),(5260,1488398153,0,13,77),(5261,1488398153,1,24,78),(5262,1488398153,1,20,79),(5263,1488398153,0,23,80),(5264,1488398153,1,32,81),(5265,1488398153,1,46,82),(5266,1488398153,1,29,83),(5267,1488398153,1,24,84),(5268,1488398153,1,4,85),(5269,1488398153,1,13,86),(5270,1488398153,1,43,87),(5271,1488398153,1,14,88),(5272,1488398153,1,23,89),(5273,1488398153,1,11,90),(5274,1488398153,1,22,91),(5275,1488398153,1,25,92),(5276,1488398153,1,44,93),(5277,1488398153,0,47,94),(5278,1488398153,1,32,95),(5279,1488398153,1,29,96),(5280,1488398153,1,38,97),(5281,1488398153,1,14,98),(5282,1488398153,1,12,99),(5283,1488398153,1,2,100),(5284,1488398153,1,42,101),(5285,1488398153,1,19,102),(5286,1488398153,1,5,103),(5287,1488398153,1,19,104),(5288,1488398153,1,38,105),(5289,1488398153,0,2,106),(5290,1488398153,1,37,107),(5291,1488398153,1,0,108),(5292,1488398153,1,12,109),(5293,1488398153,0,28,110),(5294,1488398153,0,48,111),(5295,1488398153,1,30,112),(5296,1488398153,0,3,113),(5297,1488398153,1,30,114),(5298,1488398153,0,48,115),(5299,1488398153,1,20,116),(5300,1488398153,1,29,117),(5301,1488398153,0,28,118),(5302,1488398153,0,41,119),(5303,1488398153,1,9,120),(5304,1488398153,1,24,121),(5305,1488398153,1,6,122),(5306,1488398153,1,14,123),(5307,1488398153,1,39,124),(5308,1488398153,1,3,125),(5309,1488398153,1,10,126),(5310,1488398153,0,23,127),(5311,1488398153,1,44,128),(5312,1488398153,1,28,129),(5313,1488398153,1,49,130),(5314,1488398153,1,40,131),(5315,1488398153,1,24,132),(5316,1488398153,1,39,133),(5317,1488398153,1,25,134),(5318,1488398153,1,25,135),(5319,1488398153,1,42,136),(5320,1488398153,0,15,137),(5321,1488398153,1,44,138),(5322,1488398153,1,13,139),(5323,1488398153,0,40,140),(5324,1488398153,0,39,141),(5325,1488398153,0,15,142),(5326,1488398153,1,36,143),(5327,1488398153,1,7,144),(5328,1488398153,1,49,145),(5329,1488398153,1,13,146),(5330,1488398153,1,28,147),(5331,1488398153,1,38,148),(5332,1488398153,1,23,149),(5333,1488398153,1,36,150),(5334,1488398153,1,36,151),(5335,1488398153,1,6,152),(5336,1488398153,1,25,153),(5337,1488398153,1,22,154),(5338,1488398153,0,31,155),(5339,1488398153,1,13,156),(5340,1488398153,1,39,157),(5341,1488398153,0,8,158),(5342,1488398153,1,45,159),(5343,1488398153,1,2,160),(5344,1488398153,1,31,161),(5345,1488398153,1,39,162),(5346,1488398153,0,27,163),(5347,1488398153,0,26,164),(5348,1488398153,0,27,165),(5349,1488398153,1,32,166),(5350,1488398153,1,1,167),(5351,1488398153,1,38,168),(5352,1488398153,1,47,169),(5353,1488398153,0,9,170),(5354,1488398153,1,26,171),(5355,1488398153,1,11,172),(5356,1488398153,1,4,173),(5357,1488398153,1,9,174),(5358,1488398153,0,12,175),(5359,1488398153,1,27,176),(5360,1488398153,1,9,177),(5361,1488398153,0,8,178),(5362,1488398153,1,32,179),(5363,1488398153,1,43,180),(5364,1488398153,1,9,181),(5365,1488398153,1,37,182),(5366,1488398153,1,18,183),(5367,1488398153,1,8,184),(5368,1488398153,1,6,185),(5369,1488398153,1,9,186),(5370,1488398153,0,41,187),(5371,1488398153,1,44,188),(5372,1488398153,1,20,189),(5373,1488398153,1,12,190),(5374,1488398154,1,41,191),(5375,1488398154,1,41,192),(5376,1488398154,0,26,193),(5377,1488398154,1,27,194),(5378,1488398154,1,23,195),(5379,1488398154,1,2,196),(5380,1488398154,0,41,197),(5381,1488398154,1,47,198),(5382,1488398154,0,28,199),(5383,1488398154,0,25,200),(5384,1488398154,1,27,201),(5385,1488398154,1,18,202),(5386,1488398154,1,29,203),(5387,1488398154,1,44,204),(5388,1488398154,0,46,205),(5389,1488398154,0,2,206),(5390,1488398154,0,49,207),(5391,1488398154,1,43,208),(5392,1488398154,1,49,209),(5393,1488398154,1,45,210),(5394,1488398154,1,23,211),(5395,1488398154,1,37,212),(5396,1488398154,0,19,213),(5397,1488398154,1,15,214),(5398,1488398154,1,39,215),(5399,1488398154,0,8,216),(5400,1488398154,0,2,217),(5401,1488398154,1,18,218),(5402,1488398154,1,17,219),(5403,1488398154,1,27,220),(5404,1488398154,1,15,221),(5405,1488398154,1,36,222),(5406,1488398154,1,12,223),(5407,1488398154,1,20,224),(5408,1488398154,0,9,225),(5409,1488398154,1,40,226),(5410,1488398154,0,28,227),(5411,1488398154,1,36,228),(5412,1488398154,1,33,229),(5413,1488398154,1,2,230),(5414,1488398154,1,33,231),(5415,1488398154,1,38,232),(5416,1488398154,1,16,233),(5417,1488398154,1,3,234),(5418,1488398154,1,44,235),(5419,1488398154,0,17,236),(5420,1488398154,1,12,237),(5421,1488398154,1,16,238),(5422,1488398154,1,34,239),(5423,1488398154,1,9,240),(5424,1488398154,1,16,241),(5425,1488398154,1,35,242),(5426,1488398154,1,37,243),(5427,1488398154,1,2,244),(5428,1488398154,1,46,245),(5429,1488398154,0,23,246),(5430,1488398154,1,35,247),(5431,1488398154,1,38,248),(5432,1488398154,1,9,249),(5433,1488398154,1,4,250),(5434,1488398154,1,3,251),(5435,1488398154,0,9,252),(5436,1488398154,1,11,253),(5437,1488398154,1,15,254),(5438,1488398154,1,7,255),(5439,1488398154,0,38,256),(5440,1488398154,1,22,257),(5441,1488398154,1,1,258),(5442,1488398154,1,14,259),(5443,1488398154,1,10,260),(5444,1488398154,1,47,261),(5445,1488398154,0,49,262),(5446,1488398154,1,8,263),(5447,1488398154,1,7,264),(5448,1488398154,1,30,265),(5449,1488398154,1,8,266),(5450,1488398154,1,22,267),(5451,1488398154,1,19,268),(5452,1488398154,1,30,269),(5453,1488398154,1,28,270),(5454,1488398154,0,20,271),(5455,1488398154,1,27,272),(5456,1488398154,1,4,273),(5457,1488398154,0,14,274),(5458,1488398154,1,49,275),(5459,1488398154,1,45,276),(5460,1488398154,1,40,277),(5461,1488398154,1,35,278),(5462,1488398154,1,22,279),(5463,1488398154,1,14,280),(5464,1488398154,0,16,281),(5465,1488398154,1,36,282),(5466,1488398154,1,14,283),(5467,1488398154,1,5,284),(5468,1488398154,0,2,285),(5469,1488398154,1,45,286),(5470,1488398154,1,25,287),(5471,1488398154,1,24,288),(5472,1488398154,1,30,289),(5473,1488398154,0,37,290),(5474,1488398154,1,20,291),(5475,1488398154,0,44,292),(5476,1488398154,0,40,293),(5477,1488398154,0,9,294),(5478,1488398154,1,35,295),(5479,1488398154,1,10,296),(5480,1488398154,1,13,297),(5481,1488398154,1,2,298),(5482,1488398154,1,28,299),(5483,1488398154,1,10,300),(5484,1488398154,1,33,301),(5485,1488398154,1,24,302),(5486,1488398154,1,10,303),(5487,1488398154,1,4,304),(5488,1488398154,1,27,305),(5489,1488398154,1,13,306),(5490,1488398154,1,19,307),(5491,1488398154,1,10,308),(5492,1488398154,0,6,309),(5493,1488398154,1,16,310),(5494,1488398154,1,40,311),(5495,1488398154,0,1,312),(5496,1488398154,1,44,313),(5497,1488398154,1,12,314),(5498,1488398154,1,6,315),(5499,1488398154,1,23,316),(5500,1488398154,1,48,317),(5501,1488398154,1,5,318),(5502,1488398154,1,2,319),(5503,1488398154,1,22,320),(5504,1488398154,1,8,321),(5505,1488398154,1,47,322),(5506,1488398154,1,25,323),(5507,1488398154,0,2,324),(5508,1488398154,1,31,325),(5509,1488398154,1,26,326),(5510,1488398154,1,24,327),(5511,1488398154,1,20,328),(5512,1488398154,1,10,329),(5513,1488398154,1,40,330),(5514,1488398154,1,1,331),(5515,1488398154,0,42,332),(5516,1488398154,0,42,333),(5517,1488398154,1,7,334),(5518,1488398154,1,45,335),(5519,1488398154,1,16,336),(5520,1488398154,1,36,337),(5521,1488398154,1,47,338),(5522,1488398154,1,39,339),(5523,1488398154,0,29,340),(5524,1488398154,1,2,341),(5525,1488398154,1,27,342),(5526,1488398154,1,2,343),(5527,1488398154,0,34,344),(5528,1488398154,1,0,345),(5529,1488398154,1,15,346),(5530,1488398154,1,34,347),(5531,1488398154,1,11,348),(5532,1488398154,1,14,349),(5533,1488398154,1,40,350),(5534,1488398154,1,11,351),(5535,1488398154,1,5,352),(5536,1488398154,1,20,353),(5537,1488398154,1,41,354),(5538,1488398154,1,48,355),(5539,1488398154,1,43,356),(5540,1488398154,1,32,357),(5541,1488398154,1,31,358),(5542,1488398154,1,30,359),(5543,1488398154,1,8,360),(5544,1488398154,1,31,361),(5545,1488398154,1,40,362),(5546,1488398154,1,8,363),(5547,1488398154,0,49,364),(5548,1488398154,1,42,365),(5549,1488398154,0,10,366),(5550,1488398154,0,29,367),(5551,1488398154,1,16,368),(5552,1488398154,1,6,369),(5553,1488398154,1,23,370),(5554,1488398154,1,5,371),(5555,1488398154,1,15,372),(5556,1488398154,1,2,373),(5557,1488398154,1,29,374),(5558,1488398154,1,10,375),(5559,1488398154,0,27,376),(5560,1488398154,0,22,377),(5561,1488398154,1,38,378),(5562,1488398154,0,10,379),(5563,1488398154,1,2,380),(5564,1488398154,1,16,381),(5565,1488398154,1,15,382),(5566,1488398154,1,49,383),(5567,1488398154,1,24,384),(5568,1488398154,1,0,385),(5569,1488398154,1,21,386),(5570,1488398154,1,18,387),(5571,1488398154,1,4,388),(5572,1488398154,1,34,389),(5573,1488398154,1,26,390),(5574,1488398154,1,3,391),(5575,1488398154,1,20,392),(5576,1488398154,1,12,393),(5577,1488398154,1,6,394),(5578,1488398154,1,11,395),(5579,1488398154,0,29,396),(5580,1488398154,1,8,397),(5581,1488398155,1,27,1),(5582,1488398155,1,5,2),(5583,1488398155,1,15,3),(5584,1488398155,1,44,4),(5585,1488398155,0,5,5),(5586,1488398155,1,0,6),(5587,1488398155,0,7,7),(5588,1488398155,1,15,8),(5589,1488398155,1,4,9),(5590,1488398155,0,38,10),(5591,1488398155,1,18,11),(5592,1488398155,1,21,12),(5593,1488398155,1,25,13),(5594,1488398155,1,24,14),(5595,1488398155,1,16,15),(5596,1488398155,1,30,16),(5597,1488398155,1,36,17),(5598,1488398155,0,4,18),(5599,1488398155,1,13,19),(5600,1488398155,1,47,20),(5601,1488398155,1,26,21),(5602,1488398155,1,31,22),(5603,1488398155,1,1,23),(5604,1488398155,1,6,24),(5605,1488398155,1,6,25),(5606,1488398155,1,39,26),(5607,1488398155,1,22,27),(5608,1488398155,1,30,28),(5609,1488398155,0,47,29),(5610,1488398155,1,34,30),(5611,1488398155,0,24,31),(5612,1488398155,1,34,32),(5613,1488398155,1,45,33),(5614,1488398155,0,24,34),(5615,1488398155,1,30,35),(5616,1488398155,1,12,36),(5617,1488398155,1,1,37),(5618,1488398155,1,43,38),(5619,1488398155,1,30,39),(5620,1488398155,0,4,40),(5621,1488398155,1,30,41),(5622,1488398155,0,33,42),(5623,1488398155,1,9,43),(5624,1488398155,0,39,44),(5625,1488398155,1,2,45),(5626,1488398155,1,3,46),(5627,1488398155,0,20,47),(5628,1488398155,1,13,48),(5629,1488398155,1,1,49),(5630,1488398155,0,0,50),(5631,1488398155,1,1,51),(5632,1488398155,1,0,52),(5633,1488398155,0,24,53),(5634,1488398155,1,28,54),(5635,1488398155,1,36,55),(5636,1488398155,1,17,56),(5637,1488398155,0,1,57),(5638,1488398155,1,33,58),(5639,1488398155,0,38,59),(5640,1488398155,1,2,60),(5641,1488398155,1,35,61),(5642,1488398155,1,22,62),(5643,1488398155,1,20,63),(5644,1488398155,0,7,64),(5645,1488398155,1,17,65),(5646,1488398155,1,49,66),(5647,1488398155,1,44,67),(5648,1488398155,1,7,68),(5649,1488398155,1,0,69),(5650,1488398155,1,30,70),(5651,1488398155,0,3,71),(5652,1488398155,1,18,72),(5653,1488398155,0,42,73),(5654,1488398155,1,21,74),(5655,1488398155,1,6,75),(5656,1488398155,1,3,76),(5657,1488398155,1,48,77),(5658,1488398155,1,18,78),(5659,1488398155,1,29,79),(5660,1488398155,1,41,80),(5661,1488398155,1,4,81),(5662,1488398155,1,39,82),(5663,1488398155,1,26,83),(5664,1488398155,1,4,84),(5665,1488398155,1,31,85),(5666,1488398155,1,8,86),(5667,1488398155,1,32,87),(5668,1488398155,1,48,88),(5669,1488398155,1,0,89),(5670,1488398155,1,14,90),(5671,1488398155,1,40,91),(5672,1488398155,1,42,92),(5673,1488398155,1,14,93),(5674,1488398155,1,12,94),(5675,1488398155,1,4,95),(5676,1488398155,1,26,96),(5677,1488398155,0,46,97),(5678,1488398155,1,27,98),(5679,1488398155,1,29,99),(5680,1488398155,1,48,100),(5681,1488398155,1,7,101),(5682,1488398155,1,21,102),(5683,1488398155,1,31,103),(5684,1488398155,1,27,104),(5685,1488398155,1,42,105),(5686,1488398155,1,41,106),(5687,1488398155,1,11,107),(5688,1488398155,1,39,108),(5689,1488398155,0,26,109),(5690,1488398155,1,47,110),(5691,1488398155,1,37,111),(5692,1488398155,1,12,112),(5693,1488398155,1,16,113),(5694,1488398155,1,46,114),(5695,1488398155,0,14,115),(5696,1488398155,1,30,116),(5697,1488398155,1,13,117),(5698,1488398155,0,34,118),(5699,1488398155,1,16,119),(5700,1488398155,0,17,120),(5701,1488398155,1,6,121),(5702,1488398155,1,12,122),(5703,1488398155,0,10,123),(5704,1488398155,1,30,124),(5705,1488398155,1,49,125),(5706,1488398155,1,8,126),(5707,1488398155,0,23,127),(5708,1488398155,0,12,128),(5709,1488398155,1,39,129),(5710,1488398155,1,20,130),(5711,1488398155,1,31,131),(5712,1488398155,1,32,132),(5713,1488398155,1,20,133),(5714,1488398155,1,18,134),(5715,1488398155,1,30,135),(5716,1488398155,1,10,136),(5717,1488398155,1,32,137),(5718,1488398155,1,14,138),(5719,1488398155,1,24,139),(5720,1488398155,0,5,140),(5721,1488398155,1,33,141),(5722,1488398155,1,9,142),(5723,1488398155,0,5,143),(5724,1488398155,1,45,144),(5725,1488398155,1,2,145),(5726,1488398155,1,44,146),(5727,1488398155,1,9,147),(5728,1488398155,1,31,148),(5729,1488398155,1,10,149),(5730,1488398155,1,14,150),(5731,1488398155,1,1,151),(5732,1488398155,1,2,152),(5733,1488398155,1,13,153),(5734,1488398155,0,25,154),(5735,1488398155,1,31,155),(5736,1488398155,1,20,156),(5737,1488398155,1,43,157),(5738,1488398155,1,27,158),(5739,1488398155,1,5,159),(5740,1488398155,1,45,160),(5741,1488398155,1,18,161),(5742,1488398155,1,34,162),(5743,1488398155,1,37,163),(5744,1488398155,1,13,164),(5745,1488398155,1,36,165),(5746,1488398155,1,16,166),(5747,1488398155,0,26,167),(5748,1488398155,1,43,168),(5749,1488398155,1,46,169),(5750,1488398155,1,2,170),(5751,1488398155,1,47,171),(5752,1488398155,1,45,172),(5753,1488398155,0,33,173),(5754,1488398155,1,13,174),(5755,1488398155,1,25,175),(5756,1488398155,1,20,176),(5757,1488398155,1,27,177),(5758,1488398155,1,1,178),(5759,1488398155,1,48,179),(5760,1488398155,0,43,180),(5761,1488398155,0,32,181),(5762,1488398155,1,3,182),(5763,1488398155,1,8,183),(5764,1488398155,1,24,184),(5765,1488398155,1,46,185),(5766,1488398155,1,6,186),(5767,1488398155,1,1,187),(5768,1488398155,1,38,188),(5769,1488398155,1,22,189),(5770,1488398155,1,32,190),(5771,1488398156,1,33,191),(5772,1488398156,1,33,192),(5773,1488398156,1,29,193),(5774,1488398156,1,27,194),(5775,1488398156,0,44,195),(5776,1488398156,1,28,196),(5777,1488398156,1,18,197),(5778,1488398156,1,43,198),(5779,1488398156,1,39,199),(5780,1488398156,1,16,200),(5781,1488398156,1,44,201),(5782,1488398156,1,0,202),(5783,1488398156,1,46,203),(5784,1488398156,1,23,204),(5785,1488398156,1,33,205),(5786,1488398156,1,10,206),(5787,1488398156,0,49,207),(5788,1488398156,1,17,208),(5789,1488398156,1,26,209),(5790,1488398156,0,8,210),(5791,1488398156,1,21,211),(5792,1488398156,1,44,212),(5793,1488398156,1,47,213),(5794,1488398156,1,39,214),(5795,1488398156,1,9,215),(5796,1488398156,1,29,216),(5797,1488398156,1,18,217),(5798,1488398156,1,6,218),(5799,1488398156,1,9,219),(5800,1488398156,1,25,220),(5801,1488398156,1,28,221),(5802,1488398156,1,46,222),(5803,1488398156,1,22,223),(5804,1488398156,1,17,224),(5805,1488398156,0,31,225),(5806,1488398156,1,18,226),(5807,1488398156,1,28,227),(5808,1488398156,1,29,228),(5809,1488398156,1,1,229),(5810,1488398156,0,20,230),(5811,1488398156,1,23,231),(5812,1488398156,1,1,232),(5813,1488398156,1,39,233),(5814,1488398156,1,46,234),(5815,1488398156,1,16,235),(5816,1488398156,1,12,236),(5817,1488398156,0,40,237),(5818,1488398156,1,47,238),(5819,1488398156,0,21,239),(5820,1488398156,0,16,240),(5821,1488398156,1,29,241),(5822,1488398156,1,30,242),(5823,1488398156,1,48,243),(5824,1488398156,1,30,244),(5825,1488398156,1,14,245),(5826,1488398156,1,15,246),(5827,1488398156,1,37,247),(5828,1488398156,1,22,248),(5829,1488398156,1,17,249),(5830,1488398156,1,28,250),(5831,1488398156,1,37,251),(5832,1488398156,0,15,252),(5833,1488398156,1,0,253),(5834,1488398156,0,13,254),(5835,1488398156,1,21,255),(5836,1488398156,1,44,256),(5837,1488398156,1,25,257),(5838,1488398156,1,49,258),(5839,1488398156,1,34,259),(5840,1488398156,1,9,260),(5841,1488398156,0,24,261),(5842,1488398156,1,49,262),(5843,1488398156,1,3,263),(5844,1488398156,1,49,264),(5845,1488398156,1,49,265),(5846,1488398156,0,41,266),(5847,1488398156,1,37,267),(5848,1488398156,1,9,268),(5849,1488398156,1,38,269),(5850,1488398156,0,9,270),(5851,1488398156,0,21,271),(5852,1488398156,1,28,272),(5853,1488398156,1,28,273),(5854,1488398156,1,48,274),(5855,1488398156,0,40,275),(5856,1488398156,0,15,276),(5857,1488398156,0,40,277),(5858,1488398156,1,48,278),(5859,1488398156,0,2,279),(5860,1488398156,1,47,280),(5861,1488398156,1,18,281),(5862,1488398156,1,20,282),(5863,1488398156,1,21,283),(5864,1488398156,1,13,284),(5865,1488398156,1,27,285),(5866,1488398156,1,22,286),(5867,1488398156,1,49,287),(5868,1488398156,1,13,288),(5869,1488398156,1,43,289),(5870,1488398156,1,48,290),(5871,1488398156,1,39,291),(5872,1488398156,1,46,292),(5873,1488398156,0,17,293),(5874,1488398156,0,41,294),(5875,1488398156,1,13,295),(5876,1488398156,1,24,296),(5877,1488398156,1,45,297),(5878,1488398156,0,40,298),(5879,1488398156,1,1,299),(5880,1488398156,1,44,300),(5881,1488398156,1,39,301),(5882,1488398156,0,15,302),(5883,1488398156,0,8,303),(5884,1488398156,1,44,304),(5885,1488398156,1,48,305),(5886,1488398156,1,48,306),(5887,1488398156,1,9,307),(5888,1488398156,0,13,308),(5889,1488398156,1,11,309),(5890,1488398156,1,31,310),(5891,1488398156,1,28,311),(5892,1488398156,1,34,312),(5893,1488398156,1,11,313),(5894,1488398156,1,43,314),(5895,1488398156,1,36,315),(5896,1488398156,1,45,316),(5897,1488398156,1,6,317),(5898,1488398156,1,47,318),(5899,1488398156,1,3,319),(5900,1488398156,1,11,320),(5901,1488398156,0,42,321),(5902,1488398156,0,13,322),(5903,1488398156,1,27,323),(5904,1488398156,1,28,324),(5905,1488398156,1,28,325),(5906,1488398156,1,11,326),(5907,1488398156,1,36,327),(5908,1488398156,1,32,328),(5909,1488398156,1,24,329),(5910,1488398156,1,36,330),(5911,1488398156,1,39,331),(5912,1488398156,1,4,332),(5913,1488398156,1,15,333),(5914,1488398156,1,4,334),(5915,1488398156,1,31,335),(5916,1488398156,1,0,336),(5917,1488398156,0,37,337),(5918,1488398156,0,35,338),(5919,1488398156,1,36,339),(5920,1488398156,1,0,340),(5921,1488398156,1,35,341),(5922,1488398156,1,34,342),(5923,1488398156,0,29,343),(5924,1488398156,1,41,344),(5925,1488398156,1,41,345),(5926,1488398156,1,35,346),(5927,1488398156,1,5,347),(5928,1488398156,1,37,348),(5929,1488398156,1,30,349),(5930,1488398156,1,46,350),(5931,1488398156,1,33,351),(5932,1488398156,0,45,352),(5933,1488398156,1,22,353),(5934,1488398156,0,30,354),(5935,1488398156,0,38,355),(5936,1488398156,1,33,356),(5937,1488398156,1,23,357),(5938,1488398156,1,42,358),(5939,1488398156,1,46,359),(5940,1488398156,1,4,360),(5941,1488398156,1,6,361),(5942,1488398156,1,31,362),(5943,1488398156,1,9,363),(5944,1488398156,1,37,364),(5945,1488398156,0,36,365),(5946,1488398156,1,21,366),(5947,1488398156,1,21,367),(5948,1488398156,1,29,368),(5949,1488398156,1,40,369),(5950,1488398156,1,39,370),(5951,1488398156,1,32,371),(5952,1488398156,1,12,372),(5953,1488398156,0,18,373),(5954,1488398156,1,45,374),(5955,1488398156,1,3,375),(5956,1488398156,1,29,376),(5957,1488398156,1,2,377),(5958,1488398156,1,32,378),(5959,1488398156,1,17,379),(5960,1488398156,1,10,380),(5961,1488398156,0,9,381),(5962,1488398156,1,28,382),(5963,1488398156,1,12,383),(5964,1488398156,1,9,384),(5965,1488398156,0,45,385),(5966,1488398156,1,26,386),(5967,1488398156,1,17,387),(5968,1488398156,1,11,388),(5969,1488398156,1,1,389),(5970,1488398156,1,25,390),(5971,1488398156,1,32,391),(5972,1488398156,0,35,392),(5973,1488398156,1,34,393),(5974,1488398156,1,46,394),(5975,1488398156,1,25,395),(5976,1488398156,0,26,396),(5977,1488398156,1,21,397),(5978,1488398177,0,1,1),(5979,1488398177,1,18,2),(5980,1488398177,1,3,3),(5981,1488398177,1,33,4),(5982,1488398177,1,33,5),(5983,1488398177,1,35,6),(5984,1488398177,1,42,7),(5985,1488398177,1,47,8),(5986,1488398177,1,49,9),(5987,1488398177,1,29,10),(5988,1488398177,1,19,11),(5989,1488398177,1,22,12),(5990,1488398177,1,49,13),(5991,1488398177,1,44,14),(5992,1488398177,1,9,15),(5993,1488398177,0,7,16),(5994,1488398177,1,34,17),(5995,1488398177,1,13,18),(5996,1488398177,1,47,19),(5997,1488398177,1,36,20),(5998,1488398177,1,22,21),(5999,1488398177,1,33,22),(6000,1488398177,1,9,23),(6001,1488398177,0,48,24),(6002,1488398177,1,29,25),(6003,1488398177,1,46,26),(6004,1488398177,1,35,27),(6005,1488398177,1,12,28),(6006,1488398177,1,2,29),(6007,1488398177,0,9,30),(6008,1488398177,1,31,31),(6009,1488398177,0,31,32),(6010,1488398177,1,12,33),(6011,1488398177,1,37,34),(6012,1488398177,1,44,35),(6013,1488398177,0,46,36),(6014,1488398177,1,33,37),(6015,1488398177,1,27,38),(6016,1488398177,1,13,39),(6017,1488398177,1,28,40),(6018,1488398177,1,40,41),(6019,1488398177,1,20,42),(6020,1488398177,1,3,43),(6021,1488398177,1,8,44),(6022,1488398177,1,41,45),(6023,1488398177,0,34,46),(6024,1488398177,1,10,47),(6025,1488398177,1,37,48),(6026,1488398177,1,0,49),(6027,1488398177,1,14,50),(6028,1488398178,1,42,51),(6029,1488398178,1,37,52),(6030,1488398178,1,39,53),(6031,1488398178,1,3,54),(6032,1488398178,1,44,55),(6033,1488398178,1,17,56),(6034,1488398178,1,28,57),(6035,1488398178,1,24,58),(6036,1488398178,1,7,59),(6037,1488398178,1,32,60),(6038,1488398178,1,7,61),(6039,1488398178,0,23,62),(6040,1488398178,1,20,63),(6041,1488398178,1,22,64),(6042,1488398178,1,2,65),(6043,1488398178,1,11,66),(6044,1488398178,1,38,67),(6045,1488398178,1,1,68),(6046,1488398178,1,48,69),(6047,1488398178,1,3,70),(6048,1488398178,1,3,71),(6049,1488398178,1,30,72),(6050,1488398178,1,41,73),(6051,1488398178,1,15,74),(6052,1488398178,0,9,75),(6053,1488398178,0,7,76),(6054,1488398178,1,23,77),(6055,1488398178,1,10,78),(6056,1488398178,1,14,79),(6057,1488398178,1,48,80),(6058,1488398178,1,19,81),(6059,1488398178,1,2,82),(6060,1488398178,0,37,83),(6061,1488398178,1,47,84),(6062,1488398178,0,6,85),(6063,1488398178,1,16,86),(6064,1488398178,1,43,87),(6065,1488398178,1,32,88),(6066,1488398178,0,48,89),(6067,1488398178,1,13,90),(6068,1488398178,0,41,91),(6069,1488398178,1,44,92),(6070,1488398178,1,35,93),(6071,1488398178,1,29,94),(6072,1488398178,1,13,95),(6073,1488398178,0,37,96),(6074,1488398178,0,42,97),(6075,1488398178,0,18,98),(6076,1488398178,1,1,99),(6077,1488398178,1,22,100),(6078,1488398178,1,28,101),(6079,1488398178,1,26,102),(6080,1488398178,0,47,103),(6081,1488398178,1,31,104),(6082,1488398178,1,6,105),(6083,1488398178,1,8,106),(6084,1488398178,1,38,107),(6085,1488398178,1,14,108),(6086,1488398178,1,4,109),(6087,1488398178,1,13,110),(6088,1488398178,1,18,111),(6089,1488398178,1,28,112),(6090,1488398178,0,10,113),(6091,1488398178,1,9,114),(6092,1488398178,0,21,115),(6093,1488398178,1,49,116),(6094,1488398178,0,32,117),(6095,1488398178,1,0,118),(6096,1488398178,1,34,119),(6097,1488398178,0,42,120),(6098,1488398178,1,20,121),(6099,1488398178,1,35,122),(6100,1488398178,1,44,123),(6101,1488398178,1,23,124),(6102,1488398178,0,25,125),(6103,1488398178,1,1,126),(6104,1488398178,1,28,127),(6105,1488398178,0,0,128),(6106,1488398178,1,10,129),(6107,1488398178,1,19,130),(6108,1488398178,0,2,131),(6109,1488398178,1,16,132),(6110,1488398178,1,33,133),(6111,1488398178,1,45,134),(6112,1488398178,1,1,135),(6113,1488398178,1,48,136),(6114,1488398178,0,3,137),(6115,1488398178,1,40,138),(6116,1488398178,1,11,139),(6117,1488398178,1,28,140),(6118,1488398178,1,3,141),(6119,1488398178,1,18,142),(6120,1488398178,1,25,143),(6121,1488398178,1,11,144),(6122,1488398178,1,34,145),(6123,1488398178,0,5,146),(6124,1488398178,0,9,147),(6125,1488398178,1,5,148),(6126,1488398178,1,33,149),(6127,1488398178,1,9,150),(6128,1488398178,0,30,151),(6129,1488398178,1,22,152),(6130,1488398178,1,40,153),(6131,1488398178,1,13,154),(6132,1488398178,1,11,155),(6133,1488398178,1,22,156),(6134,1488398178,1,34,157),(6135,1488398178,0,49,158),(6136,1488398178,1,1,159),(6137,1488398178,1,26,160),(6138,1488398178,1,22,161),(6139,1488398178,1,31,162),(6140,1488398178,1,14,163),(6141,1488398178,1,21,164),(6142,1488398178,1,39,165),(6143,1488398178,1,26,166),(6144,1488398178,0,17,167),(6145,1488398178,1,44,168),(6146,1488398178,1,48,169),(6147,1488398178,1,42,170),(6148,1488398178,1,7,171),(6149,1488398178,1,19,172),(6150,1488398178,1,14,173),(6151,1488398178,1,46,174),(6152,1488398178,1,9,175),(6153,1488398178,1,17,176),(6154,1488398178,1,14,177),(6155,1488398178,1,11,178),(6156,1488398178,1,45,179),(6157,1488398178,1,36,180),(6158,1488398178,0,1,181),(6159,1488398178,0,43,182),(6160,1488398178,1,26,183),(6161,1488398178,1,26,184),(6162,1488398178,1,44,185),(6163,1488398178,1,25,186),(6164,1488398178,1,12,187),(6165,1488398178,1,29,188),(6166,1488398178,1,45,189),(6167,1488398178,1,23,190),(6168,1488398178,1,11,191),(6169,1488398178,1,40,192),(6170,1488398178,1,41,193),(6171,1488398178,1,19,194),(6172,1488398178,1,8,195),(6173,1488398178,1,30,196),(6174,1488398178,1,26,197),(6175,1488398178,1,35,198),(6176,1488398178,1,22,199),(6177,1488398178,1,24,200),(6178,1488398178,0,3,201),(6179,1488398178,0,33,202),(6180,1488398178,1,31,203),(6181,1488398178,1,29,204),(6182,1488398178,1,33,205),(6183,1488398178,0,28,206),(6184,1488398178,1,26,207),(6185,1488398178,0,34,208),(6186,1488398178,1,20,209),(6187,1488398178,1,3,210),(6188,1488398178,1,16,211),(6189,1488398178,0,29,212),(6190,1488398178,0,10,213),(6191,1488398178,1,16,214),(6192,1488398178,1,15,215),(6193,1488398178,1,26,216),(6194,1488398178,1,13,217),(6195,1488398178,1,30,218),(6196,1488398178,1,39,219),(6197,1488398178,1,3,220),(6198,1488398178,1,21,221),(6199,1488398178,1,23,222),(6200,1488398178,1,5,223),(6201,1488398178,1,49,224),(6202,1488398178,1,40,225),(6203,1488398178,1,34,226),(6204,1488398178,1,20,227),(6205,1488398178,1,41,228),(6206,1488398178,0,1,229),(6207,1488398178,1,48,230),(6208,1488398178,1,48,231),(6209,1488398178,1,34,232),(6210,1488398178,1,6,233),(6211,1488398178,1,24,234),(6212,1488398178,1,23,235),(6213,1488398178,1,12,236),(6214,1488398178,0,18,237),(6215,1488398178,0,49,238),(6216,1488398178,0,36,239),(6217,1488398178,1,43,240),(6218,1488398178,1,45,241),(6219,1488398178,1,48,242),(6220,1488398178,1,28,243),(6221,1488398178,1,20,244),(6222,1488398178,1,42,245),(6223,1488398178,1,10,246),(6224,1488398178,1,37,247),(6225,1488398178,1,40,248),(6226,1488398178,1,13,249),(6227,1488398178,1,26,250),(6228,1488398178,1,35,251),(6229,1488398178,1,14,252),(6230,1488398178,1,5,253),(6231,1488398178,1,46,254),(6232,1488398178,0,49,255),(6233,1488398178,1,8,256),(6234,1488398178,1,11,257),(6235,1488398178,1,10,258),(6236,1488398178,1,46,259),(6237,1488398178,1,22,260),(6238,1488398178,0,10,261),(6239,1488398178,1,28,262),(6240,1488398178,0,35,263),(6241,1488398178,0,14,264),(6242,1488398178,1,26,265),(6243,1488398178,1,5,266),(6244,1488398178,1,8,267),(6245,1488398178,1,32,268),(6246,1488398178,1,33,269),(6247,1488398178,1,20,270),(6248,1488398178,1,14,271),(6249,1488398178,1,41,272),(6250,1488398178,1,19,273),(6251,1488398178,1,37,274),(6252,1488398178,1,8,275),(6253,1488398178,1,29,276),(6254,1488398178,1,44,277),(6255,1488398178,1,34,278),(6256,1488398178,1,35,279),(6257,1488398178,1,16,280),(6258,1488398178,1,6,281),(6259,1488398178,1,5,282),(6260,1488398178,1,16,283),(6261,1488398178,1,8,284),(6262,1488398178,1,39,285),(6263,1488398178,0,18,286),(6264,1488398178,0,26,287),(6265,1488398178,1,32,288),(6266,1488398178,1,12,289),(6267,1488398178,1,44,290),(6268,1488398178,0,43,291),(6269,1488398178,1,45,292),(6270,1488398178,1,36,293),(6271,1488398178,1,4,294),(6272,1488398178,1,30,295),(6273,1488398178,1,26,296),(6274,1488398178,1,11,297),(6275,1488398178,1,16,298),(6276,1488398178,0,23,299),(6277,1488398178,1,1,300),(6278,1488398178,1,23,301),(6279,1488398178,1,22,302),(6280,1488398178,1,1,303),(6281,1488398178,0,8,304),(6282,1488398178,1,46,305),(6283,1488398178,1,15,306),(6284,1488398178,1,42,307),(6285,1488398178,1,28,308),(6286,1488398178,1,36,309),(6287,1488398178,1,0,310),(6288,1488398178,1,27,311),(6289,1488398178,1,32,312),(6290,1488398178,1,20,313),(6291,1488398178,1,2,314),(6292,1488398178,1,39,315),(6293,1488398178,0,10,316),(6294,1488398178,1,24,317),(6295,1488398178,1,32,318),(6296,1488398178,1,42,319),(6297,1488398178,1,39,320),(6298,1488398178,0,11,321),(6299,1488398178,1,0,322),(6300,1488398178,1,44,323),(6301,1488398178,1,27,324),(6302,1488398178,0,49,325),(6303,1488398178,1,13,326),(6304,1488398178,1,29,327),(6305,1488398178,0,9,328),(6306,1488398178,0,28,329),(6307,1488398178,1,25,330),(6308,1488398178,0,11,331),(6309,1488398178,1,42,332),(6310,1488398178,0,29,333),(6311,1488398178,1,39,334),(6312,1488398178,1,24,335),(6313,1488398178,1,41,336),(6314,1488398178,1,8,337),(6315,1488398178,1,6,338),(6316,1488398178,0,34,339),(6317,1488398178,1,17,340),(6318,1488398178,0,4,341),(6319,1488398178,1,42,342),(6320,1488398178,1,1,343),(6321,1488398178,1,6,344),(6322,1488398178,1,44,345),(6323,1488398178,1,3,346),(6324,1488398178,1,46,347),(6325,1488398178,1,47,348),(6326,1488398178,1,42,349),(6327,1488398178,0,7,350),(6328,1488398178,1,35,351),(6329,1488398178,1,35,352),(6330,1488398178,0,38,353),(6331,1488398178,1,18,354),(6332,1488398178,0,30,355),(6333,1488398178,0,22,356),(6334,1488398178,1,0,357),(6335,1488398178,1,42,358),(6336,1488398178,1,7,359),(6337,1488398178,1,3,360),(6338,1488398178,1,37,361),(6339,1488398178,1,13,362),(6340,1488398178,1,29,363),(6341,1488398178,1,25,364),(6342,1488398178,0,46,365),(6343,1488398178,1,29,366),(6344,1488398178,0,1,367),(6345,1488398178,1,3,368),(6346,1488398178,1,27,369),(6347,1488398178,1,0,370),(6348,1488398178,1,49,371),(6349,1488398178,1,41,372),(6350,1488398178,0,40,373),(6351,1488398178,1,14,374),(6352,1488398178,1,4,375),(6353,1488398178,1,26,376),(6354,1488398178,1,24,377),(6355,1488398178,1,24,378),(6356,1488398178,1,22,379),(6357,1488398178,1,38,380),(6358,1488398178,1,36,381),(6359,1488398178,1,41,382),(6360,1488398178,1,21,383),(6361,1488398178,1,38,384),(6362,1488398178,1,13,385),(6363,1488398178,1,31,386),(6364,1488398178,1,19,387),(6365,1488398178,1,38,388),(6366,1488398178,1,24,389),(6367,1488398178,0,14,390),(6368,1488398178,1,37,391),(6369,1488398178,0,8,392),(6370,1488398178,0,7,393),(6371,1488398178,1,2,394),(6372,1488398178,1,36,395),(6373,1488398178,0,45,396),(6374,1488398178,1,35,397),(6375,1488398179,1,18,1),(6376,1488398179,0,3,2),(6377,1488398179,1,15,3),(6378,1488398179,0,16,4),(6379,1488398179,0,33,5),(6380,1488398179,1,2,6),(6381,1488398179,0,22,7),(6382,1488398179,0,10,8),(6383,1488398179,1,23,9),(6384,1488398179,1,47,10),(6385,1488398179,1,40,11),(6386,1488398179,1,42,12),(6387,1488398179,1,25,13),(6388,1488398179,1,10,14),(6389,1488398179,1,3,15),(6390,1488398179,1,38,16),(6391,1488398179,1,35,17),(6392,1488398179,0,8,18),(6393,1488398179,1,10,19),(6394,1488398179,0,2,20),(6395,1488398179,1,33,21),(6396,1488398179,1,8,22),(6397,1488398179,0,24,23),(6398,1488398179,1,11,24),(6399,1488398179,1,30,25),(6400,1488398179,1,29,26),(6401,1488398179,1,23,27),(6402,1488398179,1,48,28),(6403,1488398179,1,14,29),(6404,1488398179,1,15,30),(6405,1488398179,1,20,31),(6406,1488398179,1,12,32),(6407,1488398179,1,12,33),(6408,1488398179,1,38,34),(6409,1488398179,1,39,35),(6410,1488398179,1,15,36),(6411,1488398179,1,28,37),(6412,1488398179,1,6,38),(6413,1488398179,1,43,39),(6414,1488398179,1,47,40),(6415,1488398179,1,32,41),(6416,1488398179,1,5,42),(6417,1488398179,0,21,43),(6418,1488398179,1,20,44),(6419,1488398179,1,44,45),(6420,1488398179,1,38,46),(6421,1488398179,0,48,47),(6422,1488398179,1,5,48),(6423,1488398179,1,16,49),(6424,1488398179,0,20,50),(6425,1488398179,1,7,51),(6426,1488398179,1,14,52),(6427,1488398179,1,4,53),(6428,1488398179,0,10,54),(6429,1488398179,1,38,55),(6430,1488398179,1,45,56),(6431,1488398179,0,21,57),(6432,1488398179,1,31,58),(6433,1488398179,1,26,59),(6434,1488398179,1,5,60),(6435,1488398179,0,13,61),(6436,1488398179,1,26,62),(6437,1488398179,0,36,63),(6438,1488398179,1,0,64),(6439,1488398179,1,23,65),(6440,1488398179,0,38,66),(6441,1488398179,1,28,67),(6442,1488398179,1,18,68),(6443,1488398179,1,45,69),(6444,1488398179,1,44,70),(6445,1488398179,1,2,71),(6446,1488398179,1,34,72),(6447,1488398179,1,22,73),(6448,1488398179,1,32,74),(6449,1488398179,0,13,75),(6450,1488398179,1,38,76),(6451,1488398179,0,13,77),(6452,1488398179,1,27,78),(6453,1488398179,1,20,79),(6454,1488398179,1,16,80),(6455,1488398179,1,18,81),(6456,1488398179,1,40,82),(6457,1488398179,0,6,83),(6458,1488398179,1,1,84),(6459,1488398179,1,16,85),(6460,1488398179,1,48,86),(6461,1488398179,0,13,87),(6462,1488398179,1,22,88),(6463,1488398179,0,31,89),(6464,1488398179,0,22,90),(6465,1488398179,1,48,91),(6466,1488398179,1,35,92),(6467,1488398179,1,31,93),(6468,1488398179,1,20,94),(6469,1488398179,1,2,95),(6470,1488398179,1,40,96),(6471,1488398179,1,49,97),(6472,1488398179,1,40,98),(6473,1488398179,1,34,99),(6474,1488398179,0,17,100),(6475,1488398179,0,29,101),(6476,1488398179,1,37,102),(6477,1488398179,1,3,103),(6478,1488398179,1,49,104),(6479,1488398179,1,0,105),(6480,1488398179,1,3,106),(6481,1488398179,1,41,107),(6482,1488398179,1,38,108),(6483,1488398179,1,7,109),(6484,1488398179,1,10,110),(6485,1488398179,1,32,111),(6486,1488398179,1,5,112),(6487,1488398179,1,47,113),(6488,1488398179,1,25,114),(6489,1488398179,1,20,115),(6490,1488398179,1,34,116),(6491,1488398179,1,7,117),(6492,1488398179,1,27,118),(6493,1488398179,1,47,119),(6494,1488398179,1,2,120),(6495,1488398179,1,1,121),(6496,1488398179,1,30,122),(6497,1488398179,1,38,123),(6498,1488398179,1,23,124),(6499,1488398179,1,18,125),(6500,1488398179,1,24,126),(6501,1488398179,1,15,127),(6502,1488398179,1,25,128),(6503,1488398179,1,37,129),(6504,1488398179,1,41,130),(6505,1488398179,1,0,131),(6506,1488398179,1,20,132),(6507,1488398179,1,34,133),(6508,1488398179,1,8,134),(6509,1488398179,1,12,135),(6510,1488398179,1,22,136),(6511,1488398179,1,9,137),(6512,1488398179,1,42,138),(6513,1488398179,0,49,139),(6514,1488398179,1,36,140),(6515,1488398179,1,12,141),(6516,1488398179,0,33,142),(6517,1488398179,1,49,143),(6518,1488398179,1,42,144),(6519,1488398179,1,36,145),(6520,1488398179,1,31,146),(6521,1488398179,1,2,147),(6522,1488398179,1,10,148),(6523,1488398179,0,27,149),(6524,1488398179,1,7,150),(6525,1488398179,1,42,151),(6526,1488398179,1,4,152),(6527,1488398179,1,6,153),(6528,1488398179,1,1,154),(6529,1488398179,0,34,155),(6530,1488398179,0,31,156),(6531,1488398179,1,42,157),(6532,1488398179,1,23,158),(6533,1488398179,1,21,159),(6534,1488398179,1,18,160),(6535,1488398179,0,49,161),(6536,1488398179,0,47,162),(6537,1488398179,0,9,163),(6538,1488398179,1,45,164),(6539,1488398179,1,8,165),(6540,1488398179,1,18,166),(6541,1488398179,1,36,167),(6542,1488398179,1,33,168),(6543,1488398179,1,46,169),(6544,1488398179,1,38,170),(6545,1488398179,1,35,171),(6546,1488398179,1,20,172),(6547,1488398179,0,41,173),(6548,1488398179,1,42,174),(6549,1488398180,1,21,175),(6550,1488398180,1,10,176),(6551,1488398180,1,49,177),(6552,1488398180,0,12,178),(6553,1488398180,0,24,179),(6554,1488398180,1,12,180),(6555,1488398180,1,17,181),(6556,1488398180,1,47,182),(6557,1488398180,1,31,183),(6558,1488398180,1,41,184),(6559,1488398180,1,15,185),(6560,1488398180,1,16,186),(6561,1488398180,1,36,187),(6562,1488398180,1,23,188),(6563,1488398180,1,30,189),(6564,1488398180,1,2,190),(6565,1488398180,1,18,191),(6566,1488398180,1,13,192),(6567,1488398180,1,29,193),(6568,1488398180,1,4,194),(6569,1488398180,1,48,195),(6570,1488398180,1,31,196),(6571,1488398180,0,13,197),(6572,1488398180,1,40,198),(6573,1488398180,1,31,199),(6574,1488398180,0,40,200),(6575,1488398180,1,15,201),(6576,1488398180,0,3,202),(6577,1488398180,1,2,203),(6578,1488398180,1,14,204),(6579,1488398180,0,47,205),(6580,1488398180,1,3,206),(6581,1488398180,0,14,207),(6582,1488398180,1,45,208),(6583,1488398180,1,21,209),(6584,1488398180,0,49,210),(6585,1488398180,1,28,211),(6586,1488398180,0,8,212),(6587,1488398180,1,3,213),(6588,1488398180,1,14,214),(6589,1488398180,1,12,215),(6590,1488398180,0,34,216),(6591,1488398180,1,20,217),(6592,1488398180,1,26,218),(6593,1488398180,1,36,219),(6594,1488398180,1,10,220),(6595,1488398180,1,23,221),(6596,1488398180,1,10,222),(6597,1488398180,1,7,223),(6598,1488398180,1,18,224),(6599,1488398180,0,43,225),(6600,1488398180,1,25,226),(6601,1488398180,1,36,227),(6602,1488398180,1,10,228),(6603,1488398180,1,39,229),(6604,1488398180,1,42,230),(6605,1488398180,0,34,231),(6606,1488398180,1,11,232),(6607,1488398180,1,34,233),(6608,1488398180,0,2,234),(6609,1488398180,1,2,235),(6610,1488398180,1,43,236),(6611,1488398180,1,6,237),(6612,1488398180,1,23,238),(6613,1488398180,0,32,239),(6614,1488398180,1,44,240),(6615,1488398180,1,36,241),(6616,1488398180,0,6,242),(6617,1488398180,0,31,243),(6618,1488398180,1,44,244),(6619,1488398180,1,18,245),(6620,1488398180,1,30,246),(6621,1488398180,1,18,247),(6622,1488398180,1,10,248),(6623,1488398180,1,48,249),(6624,1488398180,1,21,250),(6625,1488398180,1,24,251),(6626,1488398180,1,34,252),(6627,1488398180,1,4,253),(6628,1488398180,0,2,254),(6629,1488398180,1,31,255),(6630,1488398180,0,40,256),(6631,1488398180,1,24,257),(6632,1488398180,1,49,258),(6633,1488398180,1,9,259),(6634,1488398180,1,2,260),(6635,1488398180,0,24,261),(6636,1488398180,0,37,262),(6637,1488398180,0,22,263),(6638,1488398180,1,12,264),(6639,1488398180,1,9,265),(6640,1488398180,0,37,266),(6641,1488398180,1,37,267),(6642,1488398180,1,13,268),(6643,1488398180,0,30,269),(6644,1488398180,1,46,270),(6645,1488398180,1,22,271),(6646,1488398180,1,28,272),(6647,1488398180,1,39,273),(6648,1488398180,0,41,274),(6649,1488398180,1,16,275),(6650,1488398180,1,30,276),(6651,1488398180,0,21,277),(6652,1488398180,1,14,278),(6653,1488398180,0,39,279),(6654,1488398180,1,28,280),(6655,1488398180,1,8,281),(6656,1488398180,1,38,282),(6657,1488398180,0,46,283),(6658,1488398180,1,3,284),(6659,1488398180,1,39,285),(6660,1488398180,1,35,286),(6661,1488398180,0,26,287),(6662,1488398180,1,3,288),(6663,1488398180,1,12,289),(6664,1488398180,0,28,290),(6665,1488398180,1,43,291),(6666,1488398180,1,43,292),(6667,1488398180,1,7,293),(6668,1488398180,1,36,294),(6669,1488398180,0,49,295),(6670,1488398180,0,31,296),(6671,1488398180,1,23,297),(6672,1488398180,0,9,298),(6673,1488398180,0,45,299),(6674,1488398180,1,47,300),(6675,1488398180,1,10,301),(6676,1488398180,1,27,302),(6677,1488398180,1,25,303),(6678,1488398180,1,49,304),(6679,1488398180,1,29,305),(6680,1488398180,1,1,306),(6681,1488398180,1,1,307),(6682,1488398180,1,18,308),(6683,1488398180,1,27,309),(6684,1488398180,1,34,310),(6685,1488398180,0,3,311),(6686,1488398180,1,4,312),(6687,1488398180,1,32,313),(6688,1488398180,1,32,314),(6689,1488398180,0,14,315),(6690,1488398180,0,9,316),(6691,1488398180,1,47,317),(6692,1488398180,1,46,318),(6693,1488398180,1,40,319),(6694,1488398180,1,46,320),(6695,1488398180,0,28,321),(6696,1488398180,1,38,322),(6697,1488398180,1,21,323),(6698,1488398180,0,2,324),(6699,1488398180,0,37,325),(6700,1488398180,1,27,326),(6701,1488398180,0,45,327),(6702,1488398180,1,37,328),(6703,1488398180,1,46,329),(6704,1488398180,1,29,330),(6705,1488398180,1,49,331),(6706,1488398180,1,6,332),(6707,1488398180,1,37,333),(6708,1488398180,1,26,334),(6709,1488398180,1,18,335),(6710,1488398180,1,24,336),(6711,1488398180,0,8,337),(6712,1488398180,0,43,338),(6713,1488398180,1,26,339),(6714,1488398180,1,27,340),(6715,1488398180,0,45,341),(6716,1488398180,0,0,342),(6717,1488398180,1,44,343),(6718,1488398180,1,14,344),(6719,1488398180,1,45,345),(6720,1488398180,1,9,346),(6721,1488398180,1,24,347),(6722,1488398180,1,41,348),(6723,1488398180,1,26,349),(6724,1488398180,1,38,350),(6725,1488398180,1,45,351),(6726,1488398180,1,27,352),(6727,1488398180,1,21,353),(6728,1488398180,1,37,354),(6729,1488398180,0,12,355),(6730,1488398180,0,46,356),(6731,1488398180,1,23,357),(6732,1488398180,1,5,358),(6733,1488398180,1,2,359),(6734,1488398180,1,3,360),(6735,1488398180,0,32,361),(6736,1488398180,1,2,362),(6737,1488398180,1,46,363),(6738,1488398180,1,4,364),(6739,1488398180,1,14,365),(6740,1488398180,1,5,366),(6741,1488398180,1,1,367),(6742,1488398180,1,11,368),(6743,1488398180,1,24,369),(6744,1488398180,1,41,370),(6745,1488398180,1,6,371),(6746,1488398180,1,31,372),(6747,1488398180,1,46,373),(6748,1488398180,1,15,374),(6749,1488398180,1,21,375),(6750,1488398180,1,26,376),(6751,1488398180,1,18,377),(6752,1488398180,1,7,378),(6753,1488398180,1,38,379),(6754,1488398180,1,46,380),(6755,1488398180,1,23,381),(6756,1488398180,1,12,382),(6757,1488398180,1,36,383),(6758,1488398180,1,2,384),(6759,1488398180,1,22,385),(6760,1488398180,1,18,386),(6761,1488398180,1,9,387),(6762,1488398180,1,29,388),(6763,1488398180,1,15,389),(6764,1488398180,1,38,390),(6765,1488398180,1,10,391),(6766,1488398180,1,27,392),(6767,1488398180,1,20,393),(6768,1488398180,0,44,394),(6769,1488398180,1,19,395),(6770,1488398180,1,17,396),(6771,1488398180,1,18,397),(6802,1488398258,1,14,23),(6803,1488398258,0,16,24),(6804,1488398258,0,18,25),(6805,1488398258,1,6,26),(6806,1488398258,1,8,27),(6807,1488398258,1,19,28),(6808,1488398258,0,39,29),(6809,1488398258,0,38,30),(6810,1488398258,1,0,31),(6811,1488398258,1,31,32),(6812,1488398258,1,31,33),(6813,1488398258,1,33,34),(6814,1488398258,1,7,35),(6815,1488398258,1,41,36),(6816,1488398258,1,11,37),(6817,1488398258,1,6,38),(6818,1488398258,1,3,39),(6819,1488398258,1,13,40),(6820,1488398258,0,20,41),(6821,1488398258,1,41,42),(6822,1488398258,1,16,43),(6823,1488398258,1,23,44),(6824,1488398258,1,3,45),(6825,1488398258,1,24,46),(6826,1488398258,0,14,47),(6827,1488398258,1,34,48),(6828,1488398258,1,16,49),(6829,1488398258,1,34,50),(6830,1488398258,1,49,51),(6831,1488398258,0,25,52),(6832,1488398258,0,3,53),(6833,1488398258,1,31,54),(6834,1488398258,1,15,55),(6835,1488398258,1,20,56),(6836,1488398258,1,42,57),(6837,1488398258,1,2,58),(6838,1488398258,1,2,59),(6839,1488398258,1,22,60),(6840,1488398258,0,16,61),(6841,1488398258,0,23,62),(6842,1488398258,0,26,63),(6843,1488398258,0,36,64),(6844,1488398258,1,47,65),(6845,1488398258,1,28,66),(6846,1488398258,0,46,67),(6847,1488398258,1,44,68),(6848,1488398258,1,23,69),(6849,1488398258,1,48,70),(6850,1488398258,1,42,71),(6851,1488398258,1,25,72),(6852,1488398258,1,42,73),(6853,1488398258,1,5,74),(6854,1488398258,1,29,75),(6855,1488398258,0,4,76),(6856,1488398258,1,15,77),(6857,1488398258,1,41,78),(6858,1488398258,0,26,79),(6859,1488398258,1,37,80),(6860,1488398258,1,33,81),(6861,1488398258,1,23,82),(6862,1488398258,1,45,83),(6863,1488398258,1,10,84),(6864,1488398258,1,13,85),(6865,1488398258,1,24,86),(6866,1488398258,1,3,87),(6867,1488398258,1,5,88),(6868,1488398258,0,25,89),(6869,1488398258,1,42,90),(6870,1488398258,0,34,91),(6871,1488398258,0,21,92),(6872,1488398258,0,33,93),(6873,1488398258,1,0,94),(6874,1488398258,0,2,95),(6875,1488398258,1,0,96),(6876,1488398258,1,3,97),(6877,1488398258,1,42,98),(6878,1488398258,1,2,99),(6879,1488398258,1,8,100),(6880,1488398258,1,38,101),(6881,1488398258,1,17,102),(6882,1488398258,0,42,103),(6883,1488398258,0,13,104),(6884,1488398258,1,19,105),(6885,1488398258,0,30,106),(6886,1488398258,1,3,107),(6887,1488398258,1,15,108),(6888,1488398258,0,11,109),(6889,1488398258,1,13,110),(6890,1488398258,0,33,111),(6891,1488398258,1,26,112),(6892,1488398258,1,46,113),(6893,1488398258,0,44,114),(6894,1488398258,1,4,115),(6895,1488398258,1,0,116),(6896,1488398258,1,9,117),(6897,1488398258,0,34,118),(6898,1488398258,1,27,119),(6899,1488398258,0,24,120),(6900,1488398258,1,38,121),(6901,1488398258,1,9,122),(6902,1488398258,0,23,123),(6903,1488398258,1,46,124),(6904,1488398258,1,20,125),(6905,1488398258,1,3,126),(6906,1488398258,1,1,127),(6907,1488398258,1,47,128),(6908,1488398258,0,1,129),(6909,1488398258,0,19,130),(6910,1488398258,0,43,131),(6911,1488398258,1,11,132),(6912,1488398258,1,31,133),(6913,1488398258,1,36,134),(6914,1488398258,1,17,135),(6915,1488398258,1,15,136),(6916,1488398258,1,37,137),(6917,1488398258,1,4,138),(6918,1488398258,1,44,139),(6919,1488398258,1,31,140),(6920,1488398258,1,38,141),(6921,1488398258,0,9,142),(6922,1488398258,1,20,143),(6923,1488398258,1,6,144),(6924,1488398258,1,10,145),(6925,1488398258,1,36,146),(6926,1488398258,1,31,147),(6927,1488398258,0,23,148),(6928,1488398258,1,30,149),(6929,1488398258,1,1,150),(6930,1488398258,1,27,151),(6931,1488398258,1,8,152),(6932,1488398258,1,0,153),(6933,1488398258,1,29,154),(6934,1488398258,1,38,155),(6935,1488398258,1,6,156),(6936,1488398258,1,46,157),(6937,1488398258,1,21,158),(6938,1488398258,0,30,159),(6939,1488398258,1,1,160),(6940,1488398258,1,31,161),(6941,1488398258,0,11,162),(6942,1488398258,0,26,163),(6943,1488398258,1,5,164),(6944,1488398258,0,15,165),(6945,1488398258,1,30,166),(6946,1488398258,1,6,167),(6947,1488398258,1,13,168),(6948,1488398258,1,48,169),(6949,1488398258,1,25,170),(6950,1488398258,1,40,171),(6951,1488398258,0,33,172),(6952,1488398258,0,46,173),(6953,1488398258,1,7,174),(6954,1488398258,1,42,175),(6955,1488398258,1,39,176),(6956,1488398258,1,17,177),(6957,1488398258,1,9,178),(6958,1488398258,1,36,179),(6959,1488398258,1,44,180),(6960,1488398258,1,13,181),(6961,1488398258,1,44,182),(6962,1488398258,1,35,183),(6963,1488398258,1,7,184),(6964,1488398258,1,31,185),(6965,1488398258,0,1,186),(6966,1488398258,1,19,187),(6967,1488398258,1,39,188),(6968,1488398258,1,4,189),(6969,1488398258,1,36,190),(6970,1488398258,1,36,191),(6971,1488398258,0,39,192),(6972,1488398258,0,0,193),(6973,1488398258,1,36,194),(6974,1488398258,0,22,195),(6975,1488398258,1,44,196),(6976,1488398258,1,48,197),(6977,1488398258,1,44,198),(6978,1488398258,1,9,199),(6979,1488398258,1,21,200),(6980,1488398258,1,20,201),(6981,1488398258,1,26,202),(6982,1488398258,1,36,203),(6983,1488398258,1,34,204),(6984,1488398258,0,25,205),(6985,1488398258,0,29,206),(6986,1488398258,1,15,207),(6987,1488398258,1,4,208),(6988,1488398258,0,31,209),(6989,1488398258,1,43,210),(6990,1488398258,1,1,211),(6991,1488398258,1,20,212),(6992,1488398258,1,34,213),(6993,1488398258,1,47,214),(6994,1488398258,1,17,215),(6995,1488398258,1,31,216),(6996,1488398258,0,9,217),(6997,1488398258,0,11,218),(6998,1488398258,1,14,219),(6999,1488398258,1,10,220),(7000,1488398258,1,40,221),(7001,1488398258,1,41,222),(7002,1488398258,1,12,223),(7003,1488398258,1,40,224),(7004,1488398258,1,19,225),(7005,1488398258,0,48,226),(7006,1488398258,1,11,227),(7007,1488398258,1,48,228),(7008,1488398258,1,8,229),(7009,1488398258,1,39,230),(7010,1488398258,1,2,231),(7011,1488398258,1,10,232),(7012,1488398258,0,21,233),(7013,1488398258,1,0,234),(7014,1488398258,1,16,235),(7015,1488398258,1,47,236),(7016,1488398258,1,32,237),(7017,1488398258,1,46,238),(7018,1488398258,1,6,239),(7019,1488398258,1,35,240),(7020,1488398258,1,35,241),(7021,1488398258,0,39,242),(7022,1488398258,1,44,243),(7023,1488398258,1,33,244),(7024,1488398258,0,35,245),(7025,1488398258,0,21,246),(7026,1488398258,0,45,247),(7027,1488398258,0,3,248),(7028,1488398258,1,19,249),(7029,1488398258,1,39,250),(7030,1488398258,1,16,251),(7031,1488398258,1,47,252),(7032,1488398258,0,7,253),(7033,1488398258,1,34,254),(7034,1488398258,1,36,255),(7035,1488398258,1,5,256),(7036,1488398258,0,17,257),(7037,1488398258,1,39,258),(7038,1488398258,1,12,259),(7039,1488398258,1,40,260),(7040,1488398258,1,34,261),(7041,1488398258,1,26,262),(7042,1488398258,1,10,263),(7043,1488398258,1,45,264),(7044,1488398258,1,13,265),(7045,1488398258,0,15,266),(7046,1488398258,1,20,267),(7047,1488398258,1,21,268),(7048,1488398258,1,42,269),(7049,1488398258,1,17,270),(7050,1488398258,1,42,271),(7051,1488398258,1,11,272),(7052,1488398258,1,14,273),(7053,1488398258,0,28,274),(7054,1488398258,1,3,275),(7055,1488398258,0,10,276),(7056,1488398258,0,22,277),(7057,1488398258,1,37,278),(7058,1488398258,1,10,279),(7059,1488398258,1,15,280),(7060,1488398258,1,30,281),(7061,1488398258,1,37,282),(7062,1488398258,0,42,283),(7063,1488398258,1,6,284),(7064,1488398258,1,24,285),(7065,1488398258,1,6,286),(7066,1488398258,0,40,287),(7067,1488398258,1,36,288),(7068,1488398258,1,2,289),(7069,1488398258,1,32,290),(7070,1488398258,0,21,291),(7071,1488398258,1,2,292),(7072,1488398258,1,48,293),(7073,1488398258,1,30,294),(7074,1488398258,1,48,295),(7075,1488398258,1,16,296),(7076,1488398258,1,26,297),(7077,1488398258,0,5,298),(7078,1488398258,1,35,299),(7079,1488398258,1,29,300),(7080,1488398258,1,21,301),(7081,1488398258,1,3,302),(7082,1488398258,1,12,303),(7083,1488398258,0,8,304),(7084,1488398258,1,43,305),(7085,1488398258,1,13,306),(7086,1488398258,0,29,307),(7087,1488398258,1,28,308),(7088,1488398258,1,34,309),(7089,1488398258,0,19,310),(7090,1488398258,1,5,311),(7091,1488398258,1,33,312),(7092,1488398258,1,29,313),(7093,1488398258,1,40,314),(7094,1488398258,1,20,315),(7095,1488398258,1,40,316),(7096,1488398258,1,43,317),(7097,1488398258,1,46,318),(7098,1488398258,1,8,319),(7099,1488398258,0,27,320),(7100,1488398258,1,13,321),(7101,1488398258,1,29,322),(7102,1488398258,1,0,323),(7103,1488398258,1,40,324),(7104,1488398258,1,14,325),(7105,1488398258,1,20,326),(7106,1488398258,1,49,327),(7107,1488398258,0,5,328),(7108,1488398258,0,6,329),(7109,1488398258,1,28,330),(7110,1488398258,1,48,331),(7111,1488398258,1,18,332),(7112,1488398258,1,42,333),(7113,1488398258,0,27,334),(7114,1488398258,0,40,335),(7115,1488398258,1,5,336),(7116,1488398258,1,32,337),(7117,1488398258,0,20,338),(7118,1488398258,0,23,339),(7119,1488398258,1,25,340),(7120,1488398258,1,46,341),(7121,1488398258,1,4,342),(7122,1488398258,0,11,343),(7123,1488398258,1,46,344),(7124,1488398258,1,47,345),(7125,1488398258,1,9,346),(7126,1488398258,1,3,347),(7127,1488398258,0,26,348),(7128,1488398258,1,19,349),(7129,1488398258,1,41,350),(7130,1488398258,1,49,351),(7131,1488398258,1,30,352),(7132,1488398258,1,14,353),(7133,1488398258,1,15,354),(7134,1488398258,0,35,355),(7135,1488398258,1,3,356),(7136,1488398258,1,8,357),(7137,1488398258,1,31,358),(7138,1488398258,1,35,359),(7139,1488398258,1,2,360),(7140,1488398258,1,20,361),(7141,1488398258,1,15,362),(7142,1488398258,1,3,363),(7143,1488398258,1,5,364),(7144,1488398258,1,26,365),(7145,1488398258,1,19,366),(7146,1488398258,1,28,367),(7147,1488398258,1,20,368),(7148,1488398258,1,27,369),(7149,1488398258,1,47,370),(7150,1488398258,0,40,371),(7151,1488398258,1,41,372),(7152,1488398258,1,38,373),(7153,1488398258,1,32,374),(7154,1488398258,1,1,375),(7155,1488398258,1,46,376),(7156,1488398258,0,5,377),(7157,1488398258,0,7,378),(7158,1488398258,0,17,379),(7159,1488398258,1,28,380),(7160,1488398258,1,39,381),(7161,1488398258,1,47,382),(7162,1488398258,1,16,383),(7163,1488398258,1,29,384),(7164,1488398258,0,2,385),(7165,1488398258,1,36,386),(7166,1488398258,1,34,387),(7167,1488398258,1,44,388),(7168,1488398258,1,22,389),(7169,1488398258,0,23,390),(7170,1488398258,1,2,391),(7171,1488398258,1,12,392),(7172,1488398258,1,43,393),(7173,1488398258,1,13,394),(7174,1488398258,1,21,395),(7175,1488398258,1,10,396),(7176,1488398258,1,32,397),(7177,1488398558,0,19,1),(7178,1488398558,1,39,2),(7179,1488398558,1,6,3),(7180,1488398558,0,14,4),(7181,1488398558,1,9,5),(7182,1488398558,1,7,6),(7183,1488398558,1,46,7),(7184,1488398558,0,35,8),(7185,1488398558,1,47,9),(7186,1488398558,0,13,10),(7187,1488398558,1,46,11),(7188,1488398558,1,15,12),(7189,1488398558,1,8,13),(7190,1488398558,1,33,14),(7191,1488398558,0,24,15),(7192,1488398558,0,11,16),(7193,1488398558,1,47,17),(7194,1488398558,1,46,18),(7195,1488398558,1,24,19),(7196,1488398558,1,42,20),(7197,1488398558,1,15,21),(7198,1488398558,1,41,22),(7199,1488398558,1,14,23),(7200,1488398558,1,30,24),(7201,1488398558,1,9,25),(7202,1488398558,0,7,26),(7203,1488398558,1,44,27),(7204,1488398558,1,38,28),(7205,1488398558,0,31,29),(7206,1488398558,1,13,30),(7207,1488398558,0,8,31),(7208,1488398558,1,23,32),(7209,1488398558,1,42,33),(7210,1488398558,1,5,34),(7211,1488398558,0,48,35),(7212,1488398558,1,46,36),(7213,1488398558,0,18,37),(7214,1488398558,0,24,38),(7215,1488398558,1,15,39),(7216,1488398558,1,41,40),(7217,1488398558,0,3,41),(7218,1488398558,1,27,42),(7219,1488398558,1,44,43),(7220,1488398558,1,40,44),(7221,1488398558,1,41,45),(7222,1488398558,0,43,46),(7223,1488398558,1,23,47),(7224,1488398558,1,9,48),(7225,1488398558,0,32,49),(7226,1488398558,1,23,50),(7227,1488398558,1,10,51),(7228,1488398558,1,17,52),(7229,1488398558,1,15,53),(7230,1488398558,1,16,54),(7231,1488398558,1,9,55),(7232,1488398558,1,42,56),(7233,1488398558,1,27,57),(7234,1488398558,1,29,58),(7235,1488398558,1,20,59),(7236,1488398558,1,27,60),(7237,1488398558,1,33,61),(7238,1488398558,1,17,62),(7239,1488398558,1,44,63),(7240,1488398558,0,5,64),(7241,1488398558,1,14,65),(7242,1488398558,1,24,66),(7243,1488398558,1,17,67),(7244,1488398558,1,16,68),(7245,1488398558,1,10,69),(7246,1488398558,1,34,70),(7247,1488398558,1,22,71),(7248,1488398558,1,41,72),(7249,1488398558,1,46,73),(7250,1488398558,1,30,74),(7251,1488398558,0,34,75),(7252,1488398558,0,10,76),(7253,1488398558,0,0,77),(7254,1488398558,0,38,78),(7255,1488398558,1,11,79),(7256,1488398558,1,16,80),(7257,1488398558,0,42,81),(7258,1488398558,1,2,82),(7259,1488398558,1,15,83),(7260,1488398558,1,1,84),(7261,1488398558,1,33,85),(7262,1488398558,1,19,86),(7263,1488398558,1,28,87),(7264,1488398558,1,10,88),(7265,1488398558,1,6,89),(7266,1488398558,1,43,90),(7267,1488398558,1,4,91),(7268,1488398558,1,45,92),(7269,1488398558,1,42,93),(7270,1488398558,1,14,94),(7271,1488398558,1,43,95),(7272,1488398558,1,40,96),(7273,1488398558,1,30,97),(7274,1488398558,1,44,98),(7275,1488398558,1,8,99),(7276,1488398558,1,25,100),(7277,1488398558,1,35,101),(7278,1488398558,1,12,102),(7279,1488398558,1,43,103),(7280,1488398558,1,43,104),(7281,1488398558,1,32,105),(7282,1488398558,1,14,106),(7283,1488398558,1,20,107),(7284,1488398558,1,25,108),(7285,1488398558,1,5,109),(7286,1488398558,1,18,110),(7287,1488398558,1,44,111),(7288,1488398558,1,16,112),(7289,1488398558,0,38,113),(7290,1488398558,1,16,114),(7291,1488398558,1,11,115),(7292,1488398558,1,36,116),(7293,1488398558,1,2,117),(7294,1488398558,1,49,118),(7295,1488398558,1,12,119),(7296,1488398558,1,6,120),(7297,1488398558,1,31,121),(7298,1488398558,1,47,122),(7299,1488398558,1,18,123),(7300,1488398558,1,0,124),(7301,1488398558,1,20,125),(7302,1488398558,0,46,126),(7303,1488398558,0,39,127),(7304,1488398558,1,48,128),(7305,1488398558,1,30,129),(7306,1488398558,0,11,130),(7307,1488398558,0,5,131),(7308,1488398558,1,18,132),(7309,1488398558,1,46,133),(7310,1488398558,0,43,134),(7311,1488398558,1,16,135),(7312,1488398558,1,21,136),(7313,1488398558,1,7,137),(7314,1488398558,1,43,138),(7315,1488398558,1,5,139),(7316,1488398558,1,19,140),(7317,1488398558,1,29,141),(7318,1488398558,1,0,142),(7319,1488398558,1,44,143),(7320,1488398558,0,10,144),(7321,1488398558,1,9,145),(7322,1488398558,1,4,146),(7323,1488398558,1,46,147),(7324,1488398558,1,3,148),(7325,1488398558,1,28,149),(7326,1488398558,1,39,150),(7327,1488398558,1,13,151),(7328,1488398558,1,37,152),(7329,1488398558,0,22,153),(7330,1488398558,1,1,154),(7331,1488398558,1,22,155),(7332,1488398558,1,9,156),(7333,1488398558,1,44,157),(7334,1488398558,1,15,158),(7335,1488398558,1,34,159),(7336,1488398558,1,22,160),(7337,1488398558,1,27,161),(7338,1488398558,0,30,162),(7339,1488398558,0,4,163),(7340,1488398558,1,7,164),(7341,1488398558,1,34,165),(7342,1488398558,0,46,166),(7343,1488398558,1,10,167),(7344,1488398558,0,37,168),(7345,1488398558,0,29,169),(7346,1488398558,1,18,170),(7347,1488398558,0,25,171),(7348,1488398558,1,4,172),(7349,1488398558,1,31,173),(7350,1488398558,1,34,174),(7351,1488398558,1,46,175),(7352,1488398558,1,10,176),(7353,1488398558,0,34,177),(7354,1488398558,1,36,178),(7355,1488398558,1,36,179),(7356,1488398558,1,15,180),(7357,1488398558,1,17,181),(7358,1488398558,1,44,182),(7359,1488398558,1,16,183),(7360,1488398558,0,35,184),(7361,1488398558,0,48,185),(7362,1488398558,1,34,186),(7363,1488398558,1,6,187),(7364,1488398558,1,6,188),(7365,1488398558,1,19,189),(7366,1488398558,0,11,190),(7367,1488398558,0,29,191),(7368,1488398558,1,7,192),(7369,1488398558,1,9,193),(7370,1488398558,0,31,194),(7371,1488398558,1,27,195),(7372,1488398558,1,14,196),(7373,1488398558,1,49,197),(7374,1488398558,1,37,198),(7375,1488398558,1,39,199),(7376,1488398558,1,21,200),(7377,1488398558,1,14,201),(7378,1488398558,1,5,202),(7379,1488398558,1,11,203),(7380,1488398558,1,39,204),(7381,1488398558,0,42,205),(7382,1488398558,1,13,206),(7383,1488398558,1,19,207),(7384,1488398558,1,3,208),(7385,1488398558,0,17,209),(7386,1488398558,1,10,210),(7387,1488398558,1,21,211),(7388,1488398558,0,37,212),(7389,1488398558,0,40,213),(7390,1488398558,0,24,214),(7391,1488398558,1,14,215),(7392,1488398558,1,23,216),(7393,1488398558,1,1,217),(7394,1488398558,1,13,218),(7395,1488398558,1,30,219),(7396,1488398558,1,4,220),(7397,1488398558,1,39,221),(7398,1488398558,1,12,222),(7399,1488398558,0,7,223),(7400,1488398558,1,1,224),(7401,1488398558,0,20,225),(7402,1488398558,1,35,226),(7403,1488398558,1,10,227),(7404,1488398558,1,46,228),(7405,1488398558,1,2,229),(7406,1488398558,1,25,230),(7407,1488398558,1,28,231),(7408,1488398558,0,47,232),(7409,1488398558,1,15,233),(7410,1488398558,1,47,234),(7411,1488398558,1,9,235),(7412,1488398558,1,49,236),(7413,1488398558,1,33,237),(7414,1488398558,1,33,238),(7415,1488398558,1,1,239),(7416,1488398558,1,37,240),(7417,1488398558,1,28,241),(7418,1488398558,1,1,242),(7419,1488398558,1,23,243),(7420,1488398558,1,13,244),(7421,1488398558,1,0,245),(7422,1488398558,1,27,246),(7423,1488398558,1,45,247),(7424,1488398558,1,47,248),(7425,1488398558,0,29,249),(7426,1488398558,1,6,250),(7427,1488398558,0,2,251),(7428,1488398558,0,0,252),(7429,1488398558,0,12,253),(7430,1488398558,1,19,254),(7431,1488398558,1,3,255),(7432,1488398558,1,6,256),(7433,1488398558,1,48,257),(7434,1488398558,1,40,258),(7435,1488398558,1,44,259),(7436,1488398558,1,35,260),(7437,1488398558,1,41,261),(7438,1488398558,1,10,262),(7439,1488398558,0,20,263),(7440,1488398558,1,47,264),(7441,1488398558,0,34,265),(7442,1488398558,1,17,266),(7443,1488398558,1,21,267),(7444,1488398558,1,7,268),(7445,1488398558,1,3,269),(7446,1488398558,1,6,270),(7447,1488398558,1,2,271),(7448,1488398558,1,1,272),(7449,1488398558,1,13,273),(7450,1488398558,1,37,274),(7451,1488398558,1,10,275),(7452,1488398558,1,48,276),(7453,1488398558,1,19,277),(7454,1488398558,1,43,278),(7455,1488398558,0,31,279),(7456,1488398558,1,3,280),(7457,1488398558,0,26,281),(7458,1488398558,1,13,282),(7459,1488398558,1,3,283),(7460,1488398558,0,24,284),(7461,1488398558,1,28,285),(7462,1488398558,1,47,286),(7463,1488398558,1,33,287),(7464,1488398558,1,6,288),(7465,1488398558,1,45,289),(7466,1488398558,1,44,290),(7467,1488398558,1,15,291),(7468,1488398558,1,1,292),(7469,1488398558,1,0,293),(7470,1488398558,1,35,294),(7471,1488398558,1,12,295),(7472,1488398558,1,32,296),(7473,1488398558,0,46,297),(7474,1488398558,1,33,298),(7475,1488398558,1,29,299),(7476,1488398558,1,30,300),(7477,1488398558,0,8,301),(7478,1488398558,1,5,302),(7479,1488398558,1,46,303),(7480,1488398558,1,6,304),(7481,1488398558,1,40,305),(7482,1488398558,1,17,306),(7483,1488398558,1,8,307),(7484,1488398558,0,28,308),(7485,1488398558,1,16,309),(7486,1488398558,1,20,310),(7487,1488398558,1,14,311),(7488,1488398558,1,24,312),(7489,1488398558,0,43,313),(7490,1488398558,1,5,314),(7491,1488398558,1,45,315),(7492,1488398558,1,36,316),(7493,1488398558,1,19,317),(7494,1488398558,0,10,318),(7495,1488398558,1,1,319),(7496,1488398558,1,38,320),(7497,1488398558,1,9,321),(7498,1488398558,1,21,322),(7499,1488398558,1,18,323),(7500,1488398558,1,43,324),(7501,1488398558,1,18,325),(7502,1488398558,1,45,326),(7503,1488398558,1,5,327),(7504,1488398558,1,20,328),(7505,1488398558,1,41,329),(7506,1488398558,1,5,330),(7507,1488398558,1,47,331),(7508,1488398558,1,18,332),(7509,1488398558,1,45,333),(7510,1488398558,1,46,334),(7511,1488398558,1,35,335),(7512,1488398558,1,29,336),(7513,1488398558,1,29,337),(7514,1488398558,1,15,338),(7515,1488398558,1,23,339),(7516,1488398558,0,13,340),(7517,1488398558,1,40,341),(7518,1488398558,1,44,342),(7519,1488398558,1,23,343),(7520,1488398558,1,18,344),(7521,1488398558,1,26,345),(7522,1488398558,1,39,346),(7523,1488398558,0,4,347),(7524,1488398558,1,16,348),(7525,1488398558,1,36,349),(7526,1488398558,1,8,350),(7527,1488398558,1,47,351),(7528,1488398558,0,28,352),(7529,1488398558,1,42,353),(7530,1488398558,1,40,354),(7531,1488398558,1,25,355),(7532,1488398558,1,4,356),(7533,1488398558,0,40,357),(7534,1488398558,0,12,358),(7535,1488398558,1,4,359),(7536,1488398558,1,31,360),(7537,1488398558,1,11,361),(7538,1488398558,1,35,362),(7539,1488398558,1,37,363),(7540,1488398558,0,23,364),(7541,1488398558,1,4,365),(7542,1488398558,1,47,366),(7543,1488398558,1,40,367),(7544,1488398558,1,34,368),(7545,1488398558,0,15,369),(7546,1488398558,1,43,370),(7547,1488398558,1,21,371),(7548,1488398558,1,1,372),(7549,1488398558,1,2,373),(7550,1488398558,1,25,374),(7551,1488398558,1,16,375),(7552,1488398558,1,1,376),(7553,1488398558,0,28,377),(7554,1488398558,1,22,378),(7555,1488398558,1,25,379),(7556,1488398558,0,34,380),(7557,1488398558,1,23,381),(7558,1488398558,1,21,382),(7559,1488398558,1,1,383),(7560,1488398558,1,14,384),(7561,1488398558,1,16,385),(7562,1488398558,0,38,386),(7563,1488398558,0,42,387),(7564,1488398558,1,16,388),(7565,1488398558,1,13,389),(7566,1488398558,1,29,390),(7567,1488398558,1,31,391),(7568,1488398558,0,18,392),(7569,1488398558,0,30,393),(7570,1488398558,1,36,394),(7571,1488398558,1,30,395),(7572,1488398558,1,24,396),(7573,1488398558,0,35,397),(7574,1488398858,1,3,1),(7575,1488398858,0,30,2),(7576,1488398858,1,45,3),(7577,1488398858,1,5,4),(7578,1488398858,1,2,5),(7579,1488398858,1,26,6),(7580,1488398858,0,47,7),(7581,1488398858,1,20,8),(7582,1488398858,1,0,9),(7583,1488398858,1,5,10),(7584,1488398858,1,29,11),(7585,1488398858,1,25,12),(7586,1488398858,0,12,13),(7587,1488398858,0,22,14),(7588,1488398858,1,4,15),(7589,1488398858,1,23,16),(7590,1488398858,1,36,17),(7591,1488398858,1,1,18),(7592,1488398858,1,28,19),(7593,1488398858,0,33,20),(7594,1488398858,0,9,21),(7595,1488398858,1,28,22),(7596,1488398858,1,14,23),(7597,1488398858,0,7,24),(7598,1488398858,1,6,25),(7599,1488398858,1,31,26),(7600,1488398858,1,46,27),(7601,1488398858,0,46,28),(7602,1488398858,1,37,29),(7603,1488398858,1,43,30),(7604,1488398858,1,49,31),(7605,1488398858,1,35,32),(7606,1488398858,1,3,33),(7607,1488398858,1,23,34),(7608,1488398858,1,36,35),(7609,1488398858,1,29,36),(7610,1488398858,1,24,37),(7611,1488398858,1,4,38),(7612,1488398858,1,36,39),(7613,1488398858,0,48,40),(7614,1488398858,1,7,41),(7615,1488398858,1,38,42),(7616,1488398858,1,43,43),(7617,1488398858,1,49,44),(7618,1488398858,1,18,45),(7619,1488398858,1,11,46),(7620,1488398858,1,5,47),(7621,1488398858,1,40,48),(7622,1488398858,1,32,49),(7623,1488398858,0,5,50),(7624,1488398858,1,30,51),(7625,1488398858,1,3,52),(7626,1488398858,1,0,53),(7627,1488398858,1,35,54),(7628,1488398858,1,46,55),(7629,1488398858,1,40,56),(7630,1488398858,1,29,57),(7631,1488398858,0,23,58),(7632,1488398858,1,46,59),(7633,1488398858,1,39,60),(7634,1488398858,1,43,61),(7635,1488398858,1,27,62),(7636,1488398858,1,26,63),(7637,1488398858,0,37,64),(7638,1488398858,1,6,65),(7639,1488398858,1,27,66),(7640,1488398858,1,28,67),(7641,1488398858,1,30,68),(7642,1488398858,1,39,69),(7643,1488398858,0,28,70),(7644,1488398858,1,33,71),(7645,1488398858,1,20,72),(7646,1488398858,1,0,73),(7647,1488398858,1,19,74),(7648,1488398858,1,0,75),(7649,1488398858,0,6,76),(7650,1488398858,1,13,77),(7651,1488398858,0,46,78),(7652,1488398858,1,32,79),(7653,1488398858,1,11,80),(7654,1488398858,1,14,81),(7655,1488398858,0,17,82),(7656,1488398858,1,15,83),(7657,1488398858,0,48,84),(7658,1488398858,1,1,85),(7659,1488398858,1,46,86),(7660,1488398858,1,23,87),(7661,1488398858,1,4,88),(7662,1488398858,0,1,89),(7663,1488398858,1,27,90),(7664,1488398858,1,40,91),(7665,1488398858,1,27,92),(7666,1488398858,0,4,93),(7667,1488398858,1,49,94),(7668,1488398858,1,17,95),(7669,1488398858,1,28,96),(7670,1488398858,1,38,97),(7671,1488398858,1,44,98),(7672,1488398858,1,4,99),(7673,1488398858,1,39,100),(7674,1488398858,1,15,101),(7675,1488398858,1,8,102),(7676,1488398858,1,21,103),(7677,1488398858,1,33,104),(7678,1488398858,0,13,105),(7679,1488398858,1,11,106),(7680,1488398858,0,30,107),(7681,1488398858,1,8,108),(7682,1488398858,1,9,109),(7683,1488398858,1,46,110),(7684,1488398858,1,40,111),(7685,1488398858,0,22,112),(7686,1488398858,0,4,113),(7687,1488398858,1,49,114),(7688,1488398858,1,21,115),(7689,1488398858,1,47,116),(7690,1488398858,1,33,117),(7691,1488398858,1,43,118),(7692,1488398858,0,32,119),(7693,1488398858,1,16,120),(7694,1488398858,1,30,121),(7695,1488398858,1,18,122),(7696,1488398858,1,44,123),(7697,1488398858,1,16,124),(7698,1488398858,1,17,125),(7699,1488398858,1,45,126),(7700,1488398858,1,30,127),(7701,1488398858,0,11,128),(7702,1488398858,1,48,129),(7703,1488398858,1,49,130),(7704,1488398858,1,7,131),(7705,1488398858,1,24,132),(7706,1488398858,1,38,133),(7707,1488398858,0,32,134),(7708,1488398858,1,22,135),(7709,1488398858,1,8,136),(7710,1488398858,0,7,137),(7711,1488398858,0,41,138),(7712,1488398858,1,46,139),(7713,1488398858,1,28,140),(7714,1488398858,1,23,141),(7715,1488398858,1,45,142),(7716,1488398858,0,29,143),(7717,1488398858,0,28,144),(7718,1488398858,1,42,145),(7719,1488398858,0,7,146),(7720,1488398858,0,10,147),(7721,1488398858,1,20,148),(7722,1488398858,1,38,149),(7723,1488398858,1,26,150),(7724,1488398858,1,48,151),(7725,1488398858,1,15,152),(7726,1488398858,1,39,153),(7727,1488398858,1,3,154),(7728,1488398858,1,25,155),(7729,1488398858,0,23,156),(7730,1488398858,1,1,157),(7731,1488398858,1,35,158),(7732,1488398858,1,29,159),(7733,1488398858,1,34,160),(7734,1488398858,1,42,161),(7735,1488398858,1,27,162),(7736,1488398858,1,27,163),(7737,1488398858,1,24,164),(7738,1488398858,1,25,165),(7739,1488398858,1,19,166),(7740,1488398858,1,37,167),(7741,1488398858,1,2,168),(7742,1488398858,0,0,169),(7743,1488398858,1,8,170),(7744,1488398858,1,7,171),(7745,1488398858,0,39,172),(7746,1488398858,1,23,173),(7747,1488398858,1,32,174),(7748,1488398858,0,8,175),(7749,1488398858,1,40,176),(7750,1488398858,1,45,177),(7751,1488398858,1,25,178),(7752,1488398858,1,26,179),(7753,1488398858,1,17,180),(7754,1488398858,1,7,181),(7755,1488398858,1,39,182),(7756,1488398858,1,3,183),(7757,1488398858,1,12,184),(7758,1488398858,1,2,185),(7759,1488398858,1,33,186),(7760,1488398858,1,47,187),(7761,1488398858,1,14,188),(7762,1488398858,1,13,189),(7763,1488398858,1,1,190),(7764,1488398858,1,25,191),(7765,1488398858,1,30,192),(7766,1488398858,1,41,193),(7767,1488398858,1,24,194),(7768,1488398858,1,4,195),(7769,1488398858,1,13,196),(7770,1488398858,1,3,197),(7771,1488398858,1,38,198),(7772,1488398858,0,47,199),(7773,1488398858,1,14,200),(7774,1488398858,1,2,201),(7775,1488398858,0,41,202),(7776,1488398858,1,4,203),(7777,1488398858,1,22,204),(7778,1488398858,1,0,205),(7779,1488398858,0,36,206),(7780,1488398858,1,29,207),(7781,1488398858,1,8,208),(7782,1488398858,1,49,209),(7783,1488398858,1,39,210),(7784,1488398858,1,16,211),(7785,1488398858,1,18,212),(7786,1488398858,1,34,213),(7787,1488398858,1,18,214),(7788,1488398858,1,8,215),(7789,1488398858,1,48,216),(7790,1488398858,1,8,217),(7791,1488398858,1,25,218),(7792,1488398858,1,20,219),(7793,1488398858,1,2,220),(7794,1488398858,1,37,221),(7795,1488398858,1,30,222),(7796,1488398858,1,42,223),(7797,1488398858,1,32,224),(7798,1488398858,1,41,225),(7799,1488398858,1,31,226),(7800,1488398858,1,8,227),(7801,1488398858,1,2,228),(7802,1488398858,1,20,229),(7803,1488398858,1,34,230),(7804,1488398858,1,2,231),(7805,1488398858,1,33,232),(7806,1488398858,1,25,233),(7807,1488398858,1,46,234),(7808,1488398858,1,25,235),(7809,1488398858,1,0,236),(7810,1488398858,1,2,237),(7811,1488398858,1,49,238),(7812,1488398858,1,29,239),(7813,1488398858,1,1,240),(7814,1488398858,1,35,241),(7815,1488398858,0,47,242),(7816,1488398858,1,16,243),(7817,1488398858,1,6,244),(7818,1488398858,1,27,245),(7819,1488398858,1,14,246),(7820,1488398858,0,29,247),(7821,1488398858,1,32,248),(7822,1488398858,0,27,249),(7823,1488398858,1,29,250),(7824,1488398858,1,6,251),(7825,1488398858,1,4,252),(7826,1488398858,1,38,253),(7827,1488398858,1,41,254),(7828,1488398858,1,15,255),(7829,1488398858,1,48,256),(7830,1488398858,1,14,257),(7831,1488398858,0,5,258),(7832,1488398858,1,30,259),(7833,1488398858,1,2,260),(7834,1488398858,1,37,261),(7835,1488398858,0,18,262),(7836,1488398858,1,12,263),(7837,1488398858,1,39,264),(7838,1488398858,1,20,265),(7839,1488398858,0,40,266),(7840,1488398858,0,5,267),(7841,1488398858,0,17,268),(7842,1488398858,1,15,269),(7843,1488398858,1,6,270),(7844,1488398858,1,23,271),(7845,1488398858,1,47,272),(7846,1488398858,0,34,273),(7847,1488398858,0,21,274),(7848,1488398858,1,8,275),(7849,1488398858,0,19,276),(7850,1488398858,1,20,277),(7851,1488398858,1,20,278),(7852,1488398858,1,15,279),(7853,1488398858,1,26,280),(7854,1488398858,0,12,281),(7855,1488398858,1,20,282),(7856,1488398858,1,30,283),(7857,1488398858,1,44,284),(7858,1488398858,1,11,285),(7859,1488398858,1,8,286),(7860,1488398858,1,16,287),(7861,1488398858,1,34,288),(7862,1488398858,0,26,289),(7863,1488398858,1,13,290),(7864,1488398858,1,5,291),(7865,1488398858,1,16,292),(7866,1488398858,1,10,293),(7867,1488398858,0,39,294),(7868,1488398858,0,33,295),(7869,1488398858,0,42,296),(7870,1488398858,1,37,297),(7871,1488398858,1,16,298),(7872,1488398858,1,13,299),(7873,1488398858,1,49,300),(7874,1488398858,0,33,301),(7875,1488398858,1,16,302),(7876,1488398858,1,18,303),(7877,1488398858,1,13,304),(7878,1488398858,1,41,305),(7879,1488398858,1,23,306),(7880,1488398858,1,16,307),(7881,1488398858,1,47,308),(7882,1488398858,0,0,309),(7883,1488398858,1,47,310),(7884,1488398858,1,16,311),(7885,1488398858,1,24,312),(7886,1488398858,1,28,313),(7887,1488398858,1,46,314),(7888,1488398858,1,12,315),(7889,1488398858,1,33,316),(7890,1488398858,1,44,317),(7891,1488398858,1,1,318),(7892,1488398858,1,38,319),(7893,1488398858,1,20,320),(7894,1488398858,1,9,321),(7895,1488398858,1,11,322),(7896,1488398858,1,29,323),(7897,1488398858,1,0,324),(7898,1488398858,1,28,325),(7899,1488398858,1,22,326),(7900,1488398858,0,23,327),(7901,1488398858,1,46,328),(7902,1488398858,1,30,329),(7903,1488398858,1,11,330),(7904,1488398858,1,11,331),(7905,1488398858,1,2,332),(7906,1488398858,0,28,333),(7907,1488398858,0,40,334),(7908,1488398858,1,5,335),(7909,1488398858,1,31,336),(7910,1488398858,1,21,337),(7911,1488398858,1,17,338),(7912,1488398858,1,41,339),(7913,1488398858,1,15,340),(7914,1488398858,1,44,341),(7915,1488398858,0,46,342),(7916,1488398858,1,49,343),(7917,1488398858,0,45,344),(7918,1488398858,1,8,345),(7919,1488398858,0,42,346),(7920,1488398858,1,45,347),(7921,1488398858,1,24,348),(7922,1488398858,1,31,349),(7923,1488398858,1,18,350),(7924,1488398858,1,46,351),(7925,1488398858,1,42,352),(7926,1488398858,1,14,353),(7927,1488398858,1,1,354),(7928,1488398858,1,44,355),(7929,1488398858,1,26,356),(7930,1488398858,0,28,357),(7931,1488398858,0,43,358),(7932,1488398858,1,15,359),(7933,1488398858,1,1,360),(7934,1488398858,1,49,361),(7935,1488398858,1,29,362),(7936,1488398858,1,25,363),(7937,1488398858,1,29,364),(7938,1488398858,0,39,365),(7939,1488398858,1,14,366),(7940,1488398858,0,26,367),(7941,1488398858,1,19,368),(7942,1488398858,1,45,369),(7943,1488398858,1,48,370),(7944,1488398858,1,20,371),(7945,1488398858,1,38,372),(7946,1488398858,0,46,373),(7947,1488398858,1,46,374),(7948,1488398858,0,5,375),(7949,1488398858,0,40,376),(7950,1488398858,1,28,377),(7951,1488398858,1,12,378),(7952,1488398858,1,36,379),(7953,1488398858,1,2,380),(7954,1488398858,1,11,381),(7955,1488398858,1,36,382),(7956,1488398858,1,0,383),(7957,1488398858,0,48,384),(7958,1488398858,1,1,385),(7959,1488398858,1,39,386),(7960,1488398858,1,25,387),(7961,1488398858,1,35,388),(7962,1488398858,1,46,389),(7963,1488398858,1,4,390),(7964,1488398858,1,30,391),(7965,1488398858,1,39,392),(7966,1488398858,1,27,393),(7967,1488398858,1,19,394),(7968,1488398858,1,46,395),(7969,1488398858,0,30,396),(7970,1488398858,1,28,397),(8002,1488399758,1,44,38),(8003,1488399758,1,32,39),(8004,1488399758,1,9,40),(8005,1488399758,1,47,41),(8006,1488399758,1,13,42),(8007,1488399758,1,17,43),(8008,1488399758,0,27,44),(8009,1488399758,1,31,45),(8010,1488399758,1,24,46),(8011,1488399758,1,33,47),(8012,1488399758,1,25,48),(8013,1488399758,1,45,49),(8014,1488399758,1,24,50),(8015,1488399758,1,28,51),(8016,1488399758,1,46,52),(8017,1488399758,1,27,53),(8018,1488399758,1,15,54),(8019,1488399758,1,45,55),(8020,1488399758,1,17,56),(8021,1488399758,1,6,57),(8022,1488399758,1,39,58),(8023,1488399758,1,28,59),(8024,1488399758,1,26,60),(8025,1488399758,1,48,61),(8026,1488399758,1,34,62),(8027,1488399758,1,44,63),(8028,1488399758,1,47,64),(8029,1488399758,1,23,65),(8030,1488399758,0,7,66),(8031,1488399758,0,24,67),(8032,1488399758,1,11,68),(8033,1488399758,1,49,69),(8034,1488399758,1,12,70),(8035,1488399758,0,21,71),(8036,1488399758,1,1,72),(8037,1488399758,1,18,73),(8038,1488399758,1,14,74),(8039,1488399758,1,27,75),(8040,1488399758,0,46,76),(8041,1488399758,1,4,77),(8042,1488399758,1,9,78),(8043,1488399758,1,14,79),(8044,1488399758,1,21,80),(8045,1488399758,1,34,81),(8046,1488399758,1,28,82),(8047,1488399758,1,43,83),(8048,1488399758,1,33,84),(8049,1488399758,1,43,85),(8050,1488399758,1,48,86),(8051,1488399758,1,36,87),(8052,1488399758,1,35,88),(8053,1488399758,1,2,89),(8054,1488399758,1,38,90),(8055,1488399758,1,12,91),(8056,1488399758,1,46,92),(8057,1488399758,1,17,93),(8058,1488399758,0,7,94),(8059,1488399758,0,0,95),(8060,1488399758,1,14,96),(8061,1488399758,1,38,97),(8062,1488399758,1,8,98),(8063,1488399758,0,29,99),(8064,1488399758,1,31,100),(8065,1488399758,1,9,101),(8066,1488399758,0,0,102),(8067,1488399758,1,24,103),(8068,1488399758,1,4,104),(8069,1488399758,1,28,105),(8070,1488399758,1,22,106),(8071,1488399758,1,34,107),(8072,1488399758,1,35,108),(8073,1488399758,1,32,109),(8074,1488399758,1,16,110),(8075,1488399758,0,29,111),(8076,1488399758,1,8,112),(8077,1488399758,1,18,113),(8078,1488399758,1,5,114),(8079,1488399758,1,31,115),(8080,1488399758,1,24,116),(8081,1488399758,1,40,117),(8082,1488399758,1,43,118),(8083,1488399758,1,35,119),(8084,1488399758,1,23,120),(8085,1488399758,1,48,121),(8086,1488399758,1,10,122),(8087,1488399758,1,26,123),(8088,1488399758,1,41,124),(8089,1488399758,1,17,125),(8090,1488399758,0,38,126),(8091,1488399758,0,43,127),(8092,1488399758,1,13,128),(8093,1488399758,1,25,129),(8094,1488399758,0,26,130),(8095,1488399758,1,36,131),(8096,1488399758,0,9,132),(8097,1488399758,1,31,133),(8098,1488399758,1,27,134),(8099,1488399758,1,27,135),(8100,1488399758,1,1,136),(8101,1488399758,1,42,137),(8102,1488399758,1,49,138),(8103,1488399758,1,1,139),(8104,1488399758,1,36,140),(8105,1488399758,1,37,141),(8106,1488399758,1,20,142),(8107,1488399758,1,33,143),(8108,1488399758,1,32,144),(8109,1488399758,1,18,145),(8110,1488399758,1,1,146),(8111,1488399758,1,6,147),(8112,1488399758,1,42,148),(8113,1488399758,1,14,149),(8114,1488399758,1,22,150),(8115,1488399758,0,18,151),(8116,1488399758,1,20,152),(8117,1488399758,1,36,153),(8118,1488399758,1,5,154),(8119,1488399758,1,48,155),(8120,1488399758,1,45,156),(8121,1488399758,1,0,157),(8122,1488399758,1,30,158),(8123,1488399758,1,7,159),(8124,1488399758,1,43,160),(8125,1488399758,0,28,161),(8126,1488399758,1,21,162),(8127,1488399758,1,21,163),(8128,1488399758,1,21,164),(8129,1488399758,1,19,165),(8130,1488399758,1,14,166),(8131,1488399758,1,15,167),(8132,1488399758,1,49,168),(8133,1488399758,1,10,169),(8134,1488399758,1,40,170),(8135,1488399758,1,3,171),(8136,1488399758,1,8,172),(8137,1488399758,1,30,173),(8138,1488399758,1,19,174),(8139,1488399758,1,24,175),(8140,1488399758,1,16,176),(8141,1488399758,1,13,177),(8142,1488399758,0,39,178),(8143,1488399758,0,11,179),(8144,1488399758,1,21,180),(8145,1488399758,1,31,181),(8146,1488399758,1,49,182),(8147,1488399758,1,34,183),(8148,1488399758,1,40,184),(8149,1488399758,1,34,185),(8150,1488399758,1,25,186),(8151,1488399758,1,41,187),(8152,1488399758,0,46,188),(8153,1488399758,1,40,189),(8154,1488399758,1,12,190),(8155,1488399758,1,28,191),(8156,1488399758,0,14,192),(8157,1488399758,0,37,193),(8158,1488399758,1,12,194),(8159,1488399758,0,44,195),(8160,1488399758,1,49,196),(8161,1488399758,1,43,197),(8162,1488399758,1,24,198),(8163,1488399758,1,17,199),(8164,1488399758,1,28,200),(8165,1488399758,1,4,201),(8166,1488399758,1,49,202),(8167,1488399758,0,43,203),(8168,1488399758,1,30,204),(8169,1488399758,1,22,205),(8170,1488399758,1,15,206),(8171,1488399758,1,5,207),(8172,1488399758,1,9,208),(8173,1488399758,1,37,209),(8174,1488399758,1,24,210),(8175,1488399758,0,17,211),(8176,1488399758,1,27,212),(8177,1488399758,0,10,213),(8178,1488399758,1,8,214),(8179,1488399758,1,39,215),(8180,1488399758,1,12,216),(8181,1488399758,1,11,217),(8182,1488399758,1,17,218),(8183,1488399758,1,15,219),(8184,1488399758,1,34,220),(8185,1488399758,0,5,221),(8186,1488399758,1,10,222),(8187,1488399758,1,49,223),(8188,1488399758,0,25,224),(8189,1488399758,1,7,225),(8190,1488399758,1,45,226),(8191,1488399758,1,21,227),(8192,1488399758,1,42,228),(8193,1488399758,1,44,229),(8194,1488399758,1,48,230),(8195,1488399758,1,6,231),(8196,1488399758,1,3,232),(8197,1488399758,1,23,233),(8198,1488399758,1,29,234),(8199,1488399758,1,16,235),(8200,1488399758,1,4,236),(8201,1488399758,1,0,237),(8202,1488399758,1,12,238),(8203,1488399758,1,48,239),(8204,1488399758,1,29,240),(8205,1488399758,0,38,241),(8206,1488399758,0,30,242),(8207,1488399758,0,35,243),(8208,1488399758,0,33,244),(8209,1488399758,0,18,245),(8210,1488399758,1,23,246),(8211,1488399758,1,2,247),(8212,1488399758,1,9,248),(8213,1488399758,1,41,249),(8214,1488399758,1,8,250),(8215,1488399758,1,0,251),(8216,1488399758,0,48,252),(8217,1488399758,1,18,253),(8218,1488399758,1,43,254),(8219,1488399758,1,16,255),(8220,1488399758,1,19,256),(8221,1488399758,1,3,257),(8222,1488399758,1,0,258),(8223,1488399758,1,8,259),(8224,1488399758,0,30,260),(8225,1488399758,1,7,261),(8226,1488399758,1,42,262),(8227,1488399758,0,48,263),(8228,1488399758,1,20,264),(8229,1488399758,1,10,265),(8230,1488399758,1,16,266),(8231,1488399758,1,19,267),(8232,1488399758,1,2,268),(8233,1488399758,1,39,269),(8234,1488399758,1,37,270),(8235,1488399758,1,42,271),(8236,1488399758,1,18,272),(8237,1488399758,1,13,273),(8238,1488399758,1,28,274),(8239,1488399758,1,18,275),(8240,1488399758,1,47,276),(8241,1488399758,0,44,277),(8242,1488399758,0,37,278),(8243,1488399758,1,13,279),(8244,1488399758,1,25,280),(8245,1488399758,1,12,281),(8246,1488399758,1,21,282),(8247,1488399758,1,25,283),(8248,1488399758,1,20,284),(8249,1488399758,1,26,285),(8250,1488399758,1,0,286),(8251,1488399758,0,22,287),(8252,1488399758,1,16,288),(8253,1488399758,1,5,289),(8254,1488399758,0,26,290),(8255,1488399758,1,31,291),(8256,1488399758,0,42,292),(8257,1488399758,1,38,293),(8258,1488399758,0,5,294),(8259,1488399758,1,9,295),(8260,1488399758,1,6,296),(8261,1488399758,1,26,297),(8262,1488399758,0,33,298),(8263,1488399758,1,17,299),(8264,1488399758,1,23,300),(8265,1488399758,0,42,301),(8266,1488399758,1,41,302),(8267,1488399758,1,25,303),(8268,1488399758,1,14,304),(8269,1488399758,1,36,305),(8270,1488399758,1,37,306),(8271,1488399758,1,44,307),(8272,1488399758,1,34,308),(8273,1488399758,0,40,309),(8274,1488399758,1,30,310),(8275,1488399758,1,29,311),(8276,1488399758,1,3,312),(8277,1488399758,0,3,313),(8278,1488399758,0,0,314),(8279,1488399758,1,33,315),(8280,1488399758,1,29,316),(8281,1488399758,0,29,317),(8282,1488399758,1,28,318),(8283,1488399758,0,17,319),(8284,1488399758,1,38,320),(8285,1488399758,1,33,321),(8286,1488399758,1,0,322),(8287,1488399758,1,7,323),(8288,1488399758,1,16,324),(8289,1488399758,0,49,325),(8290,1488399758,0,47,326),(8291,1488399758,1,17,327),(8292,1488399758,1,33,328),(8293,1488399758,1,36,329),(8294,1488399758,1,17,330),(8295,1488399758,0,28,331),(8296,1488399758,0,17,332),(8297,1488399758,1,23,333),(8298,1488399758,1,42,334),(8299,1488399758,0,28,335),(8300,1488399758,1,26,336),(8301,1488399758,1,44,337),(8302,1488399758,1,28,338),(8303,1488399758,1,40,339),(8304,1488399758,1,12,340),(8305,1488399758,1,17,341),(8306,1488399758,1,16,342),(8307,1488399758,1,22,343),(8308,1488399758,0,28,344),(8309,1488399758,0,30,345),(8310,1488399758,0,3,346),(8311,1488399758,1,33,347),(8312,1488399758,1,27,348),(8313,1488399758,1,26,349),(8314,1488399758,1,2,350),(8315,1488399758,1,9,351),(8316,1488399758,0,47,352),(8317,1488399758,0,17,353),(8318,1488399758,0,47,354),(8319,1488399758,1,46,355),(8320,1488399758,0,24,356),(8321,1488399758,1,3,357),(8322,1488399758,1,37,358),(8323,1488399758,0,15,359),(8324,1488399758,1,42,360),(8325,1488399758,1,8,361),(8326,1488399758,0,7,362),(8327,1488399758,1,36,363),(8328,1488399758,1,13,364),(8329,1488399758,1,38,365),(8330,1488399758,0,10,366),(8331,1488399758,1,11,367),(8332,1488399758,1,9,368),(8333,1488399758,1,30,369),(8334,1488399758,1,12,370),(8335,1488399758,1,32,371),(8336,1488399758,1,47,372),(8337,1488399758,1,26,373),(8338,1488399758,1,0,374),(8339,1488399758,1,11,375),(8340,1488399758,1,27,376),(8341,1488399758,1,17,377),(8342,1488399758,1,37,378),(8343,1488399758,1,24,379),(8344,1488399758,1,14,380),(8345,1488399758,1,3,381),(8346,1488399758,1,3,382),(8347,1488399758,1,36,383),(8348,1488399758,1,43,384),(8349,1488399758,0,11,385),(8350,1488399758,1,4,386),(8351,1488399758,1,32,387),(8352,1488399758,1,33,388),(8353,1488399758,1,20,389),(8354,1488399758,1,39,390),(8355,1488399758,1,33,391),(8356,1488399758,1,40,392),(8357,1488399758,1,46,393),(8358,1488399758,1,4,394),(8359,1488399758,0,36,395),(8360,1488399758,1,20,396),(8361,1488399758,1,14,397),(8362,1488400058,1,10,1),(8363,1488400058,1,2,2),(8364,1488400058,1,2,3),(8365,1488400058,1,23,4),(8366,1488400058,1,23,5),(8367,1488400058,1,11,6),(8368,1488400058,0,31,7),(8369,1488400058,0,45,8),(8370,1488400058,1,4,9),(8371,1488400058,1,2,10),(8372,1488400058,1,8,11),(8373,1488400058,1,48,12),(8374,1488400058,0,26,13),(8375,1488400058,0,36,14),(8376,1488400058,1,40,15),(8377,1488400058,0,4,16),(8378,1488400058,0,6,17),(8379,1488400058,1,30,18),(8380,1488400058,0,45,19),(8381,1488400058,0,8,20),(8382,1488400058,1,28,21),(8383,1488400058,0,26,22),(8384,1488400058,1,36,23),(8385,1488400058,0,36,24),(8386,1488400058,1,43,25),(8387,1488400058,1,0,26),(8388,1488400058,1,35,27),(8389,1488400058,1,48,28),(8390,1488400058,1,38,29),(8391,1488400058,1,13,30),(8392,1488400058,1,36,31),(8393,1488400058,1,2,32),(8394,1488400058,1,4,33),(8395,1488400058,1,38,34),(8396,1488400058,0,29,35),(8397,1488400058,1,26,36),(8398,1488400058,1,31,37),(8399,1488400058,1,5,38),(8400,1488400058,1,15,39),(8401,1488400058,1,10,40),(8402,1488400058,1,30,41),(8403,1488400058,0,17,42),(8404,1488400058,1,7,43),(8405,1488400058,1,17,44),(8406,1488400058,1,41,45),(8407,1488400058,1,18,46),(8408,1488400058,1,27,47),(8409,1488400058,1,12,48),(8410,1488400058,1,45,49),(8411,1488400058,0,33,50),(8412,1488400058,1,23,51),(8413,1488400058,1,0,52),(8414,1488400058,1,24,53),(8415,1488400058,1,24,54),(8416,1488400058,1,17,55),(8417,1488400058,1,20,56),(8418,1488400058,1,2,57),(8419,1488400058,1,26,58),(8420,1488400058,0,3,59),(8421,1488400058,1,26,60),(8422,1488400058,0,16,61),(8423,1488400058,1,48,62),(8424,1488400058,1,16,63),(8425,1488400058,1,13,64),(8426,1488400058,1,20,65),(8427,1488400058,1,30,66),(8428,1488400058,1,40,67),(8429,1488400058,1,25,68),(8430,1488400058,1,7,69),(8431,1488400058,1,29,70),(8432,1488400058,1,36,71),(8433,1488400058,1,12,72),(8434,1488400058,1,1,73),(8435,1488400058,0,10,74),(8436,1488400058,0,43,75),(8437,1488400058,1,10,76),(8438,1488400058,1,27,77),(8439,1488400058,1,15,78),(8440,1488400058,1,11,79),(8441,1488400058,1,44,80),(8442,1488400058,1,48,81),(8443,1488400058,1,8,82),(8444,1488400058,0,5,83),(8445,1488400058,1,21,84),(8446,1488400058,1,26,85),(8447,1488400058,0,16,86),(8448,1488400058,0,49,87),(8449,1488400058,1,23,88),(8450,1488400058,0,42,89),(8451,1488400058,0,31,90),(8452,1488400058,1,15,91),(8453,1488400058,1,8,92),(8454,1488400058,1,42,93),(8455,1488400058,0,28,94),(8456,1488400058,1,45,95),(8457,1488400058,1,25,96),(8458,1488400058,1,49,97),(8459,1488400058,1,14,98),(8460,1488400058,1,18,99),(8461,1488400058,1,33,100),(8462,1488400058,1,39,101),(8463,1488400058,1,14,102),(8464,1488400058,1,25,103),(8465,1488400058,1,30,104),(8466,1488400058,0,44,105),(8467,1488400058,1,30,106),(8468,1488400058,1,38,107),(8469,1488400058,1,19,108),(8470,1488400058,1,37,109),(8471,1488400058,1,10,110),(8472,1488400058,1,41,111),(8473,1488400058,0,42,112),(8474,1488400058,1,34,113),(8475,1488400058,1,47,114),(8476,1488400058,1,3,115),(8477,1488400058,1,26,116),(8478,1488400058,1,37,117),(8479,1488400058,1,35,118),(8480,1488400058,1,10,119),(8481,1488400058,1,49,120),(8482,1488400058,1,26,121),(8483,1488400058,0,15,122),(8484,1488400058,1,14,123),(8485,1488400058,1,11,124),(8486,1488400058,1,32,125),(8487,1488400058,0,45,126),(8488,1488400058,1,38,127),(8489,1488400058,1,23,128),(8490,1488400058,1,43,129),(8491,1488400058,0,18,130),(8492,1488400058,1,23,131),(8493,1488400058,1,9,132),(8494,1488400058,1,23,133),(8495,1488400058,1,43,134),(8496,1488400058,1,3,135),(8497,1488400058,1,44,136),(8498,1488400058,0,40,137),(8499,1488400058,1,37,138),(8500,1488400058,1,49,139),(8501,1488400058,1,13,140),(8502,1488400058,1,45,141),(8503,1488400058,1,42,142),(8504,1488400058,0,6,143),(8505,1488400058,0,18,144),(8506,1488400058,1,31,145),(8507,1488400058,1,30,146),(8508,1488400058,0,11,147),(8509,1488400058,1,16,148),(8510,1488400058,1,47,149),(8511,1488400058,1,18,150),(8512,1488400058,1,39,151),(8513,1488400058,0,22,152),(8514,1488400058,0,40,153),(8515,1488400058,1,16,154),(8516,1488400058,1,40,155),(8517,1488400058,1,1,156),(8518,1488400058,1,43,157),(8519,1488400058,1,39,158),(8520,1488400058,0,29,159),(8521,1488400058,1,29,160),(8522,1488400058,0,13,161),(8523,1488400058,1,1,162),(8524,1488400058,1,31,163),(8525,1488400058,1,12,164),(8526,1488400058,1,9,165),(8527,1488400058,1,38,166),(8528,1488400058,1,2,167),(8529,1488400058,1,33,168),(8530,1488400058,1,45,169),(8531,1488400058,1,29,170),(8532,1488400058,1,8,171),(8533,1488400058,1,0,172),(8534,1488400058,0,25,173),(8535,1488400058,0,7,174),(8536,1488400058,0,16,175),(8537,1488400058,0,36,176),(8538,1488400058,1,48,177),(8539,1488400058,1,6,178),(8540,1488400058,1,17,179),(8541,1488400058,1,7,180),(8542,1488400058,1,24,181),(8543,1488400058,0,4,182),(8544,1488400058,1,34,183),(8545,1488400058,1,28,184),(8546,1488400058,1,45,185),(8547,1488400058,1,13,186),(8548,1488400058,1,47,187),(8549,1488400058,0,11,188),(8550,1488400058,1,45,189),(8551,1488400058,1,1,190),(8552,1488400058,1,3,191),(8553,1488400058,1,6,192),(8554,1488400058,1,19,193),(8555,1488400058,1,42,194),(8556,1488400058,1,18,195),(8557,1488400058,1,31,196),(8558,1488400058,1,48,197),(8559,1488400058,1,45,198),(8560,1488400058,0,45,199),(8561,1488400058,1,47,200),(8562,1488400058,0,14,201),(8563,1488400058,1,30,202),(8564,1488400058,1,39,203),(8565,1488400058,1,14,204),(8566,1488400058,1,11,205),(8567,1488400058,1,43,206),(8568,1488400058,0,35,207),(8569,1488400058,0,5,208),(8570,1488400058,0,25,209),(8571,1488400058,1,29,210),(8572,1488400058,1,7,211),(8573,1488400058,1,49,212),(8574,1488400058,1,19,213),(8575,1488400058,1,46,214),(8576,1488400058,1,9,215),(8577,1488400058,1,17,216),(8578,1488400058,0,31,217),(8579,1488400058,1,4,218),(8580,1488400058,1,43,219),(8581,1488400058,1,20,220),(8582,1488400058,1,26,221),(8583,1488400058,0,33,222),(8584,1488400058,1,45,223),(8585,1488400058,1,46,224),(8586,1488400058,1,4,225),(8587,1488400058,1,10,226),(8588,1488400058,1,12,227),(8589,1488400058,1,5,228),(8590,1488400058,1,10,229),(8591,1488400058,1,24,230),(8592,1488400058,1,33,231),(8593,1488400058,1,45,232),(8594,1488400058,1,42,233),(8595,1488400058,1,20,234),(8596,1488400058,1,2,235),(8597,1488400058,1,22,236),(8598,1488400058,0,40,237),(8599,1488400058,0,34,238),(8600,1488400058,0,39,239),(8601,1488400058,0,0,240),(8602,1488400058,1,43,241),(8603,1488400058,1,4,242),(8604,1488400058,1,35,243),(8605,1488400058,1,10,244),(8606,1488400058,1,10,245),(8607,1488400058,0,45,246),(8608,1488400058,1,14,247),(8609,1488400058,1,24,248),(8610,1488400058,1,27,249),(8611,1488400058,1,3,250),(8612,1488400058,1,30,251),(8613,1488400058,1,23,252),(8614,1488400058,1,27,253),(8615,1488400058,1,4,254),(8616,1488400058,0,44,255),(8617,1488400058,1,16,256),(8618,1488400058,1,20,257),(8619,1488400058,1,48,258),(8620,1488400058,1,23,259),(8621,1488400058,1,28,260),(8622,1488400058,1,22,261),(8623,1488400058,1,4,262),(8624,1488400058,1,36,263),(8625,1488400058,0,40,264),(8626,1488400058,1,49,265),(8627,1488400058,1,17,266),(8628,1488400058,1,13,267),(8629,1488400058,1,35,268),(8630,1488400058,1,39,269),(8631,1488400058,1,47,270),(8632,1488400058,1,19,271),(8633,1488400058,1,10,272),(8634,1488400058,1,42,273),(8635,1488400058,1,32,274),(8636,1488400058,1,46,275),(8637,1488400058,1,19,276),(8638,1488400058,0,18,277),(8639,1488400058,1,12,278),(8640,1488400058,1,35,279),(8641,1488400058,1,10,280),(8642,1488400058,1,41,281),(8643,1488400058,1,20,282),(8644,1488400058,0,17,283),(8645,1488400058,0,46,284),(8646,1488400058,0,2,285),(8647,1488400058,1,17,286),(8648,1488400058,1,43,287),(8649,1488400058,1,47,288),(8650,1488400058,0,39,289),(8651,1488400058,1,1,290),(8652,1488400058,1,21,291),(8653,1488400058,1,45,292),(8654,1488400058,0,0,293),(8655,1488400058,1,13,294),(8656,1488400058,0,29,295),(8657,1488400058,1,6,296),(8658,1488400058,0,14,297),(8659,1488400058,1,11,298),(8660,1488400058,1,6,299),(8661,1488400058,1,15,300),(8662,1488400058,1,9,301),(8663,1488400058,1,23,302),(8664,1488400058,1,20,303),(8665,1488400058,1,40,304),(8666,1488400058,1,6,305),(8667,1488400058,1,28,306),(8668,1488400058,1,26,307),(8669,1488400058,1,45,308),(8670,1488400058,1,27,309),(8671,1488400058,1,48,310),(8672,1488400058,1,32,311),(8673,1488400058,0,24,312),(8674,1488400058,1,37,313),(8675,1488400058,1,38,314),(8676,1488400058,1,9,315),(8677,1488400058,1,38,316),(8678,1488400058,1,8,317),(8679,1488400058,1,29,318),(8680,1488400058,0,30,319),(8681,1488400058,1,5,320),(8682,1488400058,1,47,321),(8683,1488400058,1,0,322),(8684,1488400058,1,30,323),(8685,1488400058,1,32,324),(8686,1488400058,1,13,325),(8687,1488400058,1,4,326),(8688,1488400058,1,24,327),(8689,1488400058,1,32,328),(8690,1488400058,1,2,329),(8691,1488400058,0,7,330),(8692,1488400058,1,34,331),(8693,1488400058,1,48,332),(8694,1488400058,1,27,333),(8695,1488400058,0,42,334),(8696,1488400058,0,29,335),(8697,1488400058,0,43,336),(8698,1488400058,1,25,337),(8699,1488400059,1,35,338),(8700,1488400059,1,7,339),(8701,1488400059,1,4,340),(8702,1488400059,1,46,341),(8703,1488400059,1,8,342),(8704,1488400059,1,20,343),(8705,1488400059,1,26,344),(8706,1488400059,0,43,345),(8707,1488400059,1,46,346),(8708,1488400059,1,1,347),(8709,1488400059,1,39,348),(8710,1488400059,1,26,349),(8711,1488400059,1,4,350),(8712,1488400059,1,43,351),(8713,1488400059,1,40,352),(8714,1488400059,1,21,353),(8715,1488400059,0,27,354),(8716,1488400059,1,4,355),(8717,1488400059,1,6,356),(8718,1488400059,1,33,357),(8719,1488400059,1,49,358),(8720,1488400059,0,14,359),(8721,1488400059,1,13,360),(8722,1488400059,1,28,361),(8723,1488400059,1,43,362),(8724,1488400059,1,12,363),(8725,1488400059,1,34,364),(8726,1488400059,1,47,365),(8727,1488400059,1,26,366),(8728,1488400059,1,6,367),(8729,1488400059,1,16,368),(8730,1488400059,0,3,369),(8731,1488400059,1,43,370),(8732,1488400059,1,8,371),(8733,1488400059,1,12,372),(8734,1488400059,1,13,373),(8735,1488400059,1,7,374),(8736,1488400059,1,0,375),(8737,1488400059,0,41,376),(8738,1488400059,1,4,377),(8739,1488400059,1,21,378),(8740,1488400059,1,42,379),(8741,1488400059,1,26,380),(8742,1488400059,0,9,381),(8743,1488400059,1,46,382),(8744,1488400059,1,48,383),(8745,1488400059,0,37,384),(8746,1488400059,1,45,385),(8747,1488400059,1,4,386),(8748,1488400059,1,40,387),(8749,1488400059,1,45,388),(8750,1488400059,1,34,389),(8751,1488400059,0,36,390),(8752,1488400059,1,41,391),(8753,1488400059,0,18,392),(8754,1488400059,1,43,393),(8755,1488400059,1,29,394),(8756,1488400059,0,17,395),(8757,1488400059,1,26,396),(8758,1488400059,1,30,397),(8765,1488399758,0,48,1),(8766,1488399758,1,36,2),(8767,1488399758,1,2,3),(8768,1488399758,1,48,4),(8769,1488399758,1,12,5),(8770,1488399758,1,23,6),(8771,1488399758,1,9,7),(8772,1488399758,1,46,8),(8773,1488399758,1,44,9),(8774,1488399758,1,49,10),(8775,1488399758,0,41,11),(8776,1488399758,1,30,12),(8777,1488399758,0,22,13),(8778,1488399758,1,39,14),(8779,1488399758,1,45,15),(8780,1488399758,1,36,16),(8781,1488399758,0,49,17),(8782,1488399758,0,3,18),(8783,1488399758,1,21,19),(8784,1488399758,1,39,20),(8785,1488399758,1,17,21),(8786,1488399758,0,17,22),(8787,1488399758,1,1,23),(8788,1488399758,1,8,24),(8789,1488399758,1,28,25),(8790,1488399758,0,12,26),(8791,1488399758,1,34,27),(8792,1488399758,1,5,28),(8793,1488399758,0,33,29),(8794,1488399758,1,17,30),(8795,1488399758,0,34,31),(8796,1488399758,1,42,32),(8797,1488399758,1,18,33),(8798,1488399758,0,49,34),(8799,1488399758,0,26,35),(8800,1488399758,0,18,36),(8801,1488399758,1,2,37);
/*!40000 ALTER TABLE `device_survey` ENABLE KEYS */;
UNLOCK TABLES;

--
-- Table structure for table `hibernate_sequences`
--

DROP TABLE IF EXISTS `hibernate_sequences`;
/*!40101 SET @saved_cs_client     = @@character_set_client */;
/*!40101 SET character_set_client = utf8 */;
CREATE TABLE `hibernate_sequences` (
  `sequence_name` varchar(255) CHARACTER SET ascii COLLATE ascii_bin NOT NULL,
  `next_val` bigint(20) NOT NULL,
  PRIMARY KEY (`sequence_name`)
) ENGINE=InnoDB DEFAULT CHARSET=utf8;
/*!40101 SET character_set_client = @saved_cs_client */;

--
-- Dumping data for table `hibernate_sequences`
--

LOCK TABLES `hibernate_sequences` WRITE;
/*!40000 ALTER TABLE `hibernate_sequences` DISABLE KEYS */;
INSERT INTO `hibernate_sequences` VALUES ('building',1065),('controller',1007),('current_survey',451),('device',451),('device_survey',8851),('link_unit_building',1074),('token',101),('unit',1036),('user',101);
/*!40000 ALTER TABLE `hibernate_sequences` ENABLE KEYS */;
UNLOCK TABLES;

--
-- Table structure for table `link_unit_building`
--

DROP TABLE IF EXISTS `link_unit_building`;
/*!40101 SET @saved_cs_client     = @@character_set_client */;
/*!40101 SET character_set_client = utf8 */;
CREATE TABLE `link_unit_building` (
  `id` bigint(20) NOT NULL AUTO_INCREMENT,
  `unit_id` bigint(20) NOT NULL,
  `building_id` bigint(20) NOT NULL,
  PRIMARY KEY (`id`),
  KEY `building_fk` (`building_id`),
  KEY `unit_fk` (`unit_id`),
  CONSTRAINT `building_fk` FOREIGN KEY (`building_id`) REFERENCES `building` (`id`) ON DELETE CASCADE ON UPDATE CASCADE,
  CONSTRAINT `unit_fk` FOREIGN KEY (`unit_id`) REFERENCES `unit` (`id`) ON DELETE CASCADE ON UPDATE CASCADE
) ENGINE=InnoDB AUTO_INCREMENT=75 DEFAULT CHARSET=utf8;
/*!40101 SET character_set_client = @saved_cs_client */;

--
-- Dumping data for table `link_unit_building`
--

LOCK TABLES `link_unit_building` WRITE;
/*!40000 ALTER TABLE `link_unit_building` DISABLE KEYS */;
INSERT INTO `link_unit_building` VALUES (1,1,49),(2,1,34),(3,1,58),(4,1,57),(5,1,56),(6,1,52),(7,1,50),(8,1,33),(9,1,48),(10,1,47),(11,1,46),(12,3,1),(13,4,2),(14,5,6),(15,5,3),(16,5,4),(17,5,5),(18,6,3),(19,7,4),(20,7,5),(21,8,6),(22,9,7),(23,10,7),(24,11,7),(25,12,8),(26,13,9),(27,14,10),(28,15,13),(29,16,11),(30,17,27),(31,18,12),(32,19,13),(33,20,20),(34,20,17),(35,20,14),(36,20,15),(37,20,19),(38,20,16),(39,20,18),(40,21,18),(41,21,17),(42,21,16),(43,21,14),(44,21,15),(45,22,19),(46,22,47),(47,22,1),(48,22,20),(49,23,21),(50,24,25),(51,24,23),(52,24,22),(53,24,61),(54,25,24),(55,26,25),(56,27,25),(57,28,27),(58,29,65),(59,30,28),(60,31,29),(61,32,41),(62,32,35),(63,32,36),(64,32,37),(65,32,38),(66,32,42),(67,32,30),(68,32,40),(69,32,39),(70,33,31),(71,33,32),(72,34,51),(73,35,48),(74,36,45);
/*!40000 ALTER TABLE `link_unit_building` ENABLE KEYS */;
UNLOCK TABLES;

--
-- Table structure for table `token`
--

DROP TABLE IF EXISTS `token`;
/*!40101 SET @saved_cs_client     = @@character_set_client */;
/*!40101 SET character_set_client = utf8 */;
CREATE TABLE `token` (
  `id` bigint(20) NOT NULL,
  `secret` varbinary(132) NOT NULL,
  `action` enum('RESET_PASSWORD','ACTIVATE_ACCOUNT') NOT NULL,
  `user_id` bigint(20) NOT NULL,
  PRIMARY KEY (`id`),
  KEY `token_user_fk` (`user_id`),
  CONSTRAINT `token_user_fk` FOREIGN KEY (`user_id`) REFERENCES `user` (`id`) ON DELETE CASCADE ON UPDATE CASCADE
) ENGINE=InnoDB DEFAULT CHARSET=utf8;
/*!40101 SET character_set_client = @saved_cs_client */;

--
-- Dumping data for table `token`
--

LOCK TABLES `token` WRITE;
/*!40000 ALTER TABLE `token` DISABLE KEYS */;
/*!40000 ALTER TABLE `token` ENABLE KEYS */;
UNLOCK TABLES;

--
-- Table structure for table `unit`
--

DROP TABLE IF EXISTS `unit`;
/*!40101 SET @saved_cs_client     = @@character_set_client */;
/*!40101 SET character_set_client = utf8 */;
CREATE TABLE `unit` (
  `id` bigint(20) NOT NULL AUTO_INCREMENT,
  `code` varchar(20) NOT NULL,
  `description` varchar(100) NOT NULL,
  PRIMARY KEY (`id`),
  UNIQUE KEY `code` (`code`)
) ENGINE=InnoDB AUTO_INCREMENT=37 DEFAULT CHARSET=utf8;
/*!40101 SET character_set_client = @saved_cs_client */;

--
-- Dumping data for table `unit`
--

LOCK TABLES `unit` WRITE;
/*!40000 ALTER TABLE `unit` DISABLE KEYS */;
INSERT INTO `unit` VALUES (1,'0000000000','Uniwersytet Mikołaja Kopernika w Toruniu'),(3,'0600000000','Wydział Chemii'),(4,'0700000000','Wydział Filologiczny'),(5,'0800000000','Wydział Fizyki Astronomii i Informatyki Stosowanej'),(6,'0801000000','Instytut Fizyki'),(7,'0802000000','Centrum Astronomii'),(8,'0806000000','Studium Politechniczne'),(9,'0900000000','Wydział Humanistyczny'),(10,'0901000000','Instytut Filozofii'),(11,'0903000000','Instytut Socjologii'),(12,'0904000000','Katedra Logiki'),(13,'1000000000','Wydział Matematyki i Informatyki'),(14,'1100000000','Wydział Nauk Ekonomicznych i Zarządzania'),(15,'1200000000','Wydział Nauk Historycznych'),(16,'1201000000','Instytut Archeologii'),(17,'1203000000','Instytut Informacji Naukowej i Bibliologii'),(18,'1209000000','Katedra Etnologii i Antropologii Kulturowej'),(19,'1300000000','Wydział Prawa i Administracji'),(20,'1400000000','Wydział Sztuk Pięknych'),(21,'1401000000','Instytut Artystyczny'),(22,'1402000000','Instytut Zabytkoznawstwa i Konserwatorstwa'),(23,'1500000000','Wydział Teologiczny'),(24,'1900000000','Wydział Nauk Pedagogicznych'),(25,'2000000000','Wydział Politologii i Studiów Międzynarodowych'),(26,'2100000000','Wydział Biologii i Ochrony Środowiska'),(27,'2200000000','Wydział Nauk o Ziemi'),(28,'3200000000','Biblioteka Uniwersytecka'),(29,'3600000000','Uniwersyteckie Centrum Nowoczesnych Technologii Nauczania'),(30,'4100000000','Studium Praktycznej Nauki Języków Obcych'),(31,'4300000000','Ośrodek Alliance Française przy UMK'),(32,'4600000000','Studium Wychowania Fizycznego i Sportu CM'),(33,'5700000000','Uniwersyteckie Centrum Sportowe'),(34,'9000000000','ADMINISTRACJA UNIWERSYTETU'),(35,'9001410000','Biuro Zawodowej Promocji Studentów i Absolwentów UMK'),(36,'9002290000','Dział Dydaktyki CM');
/*!40000 ALTER TABLE `unit` ENABLE KEYS */;
UNLOCK TABLES;

--
-- Table structure for table `user`
--

DROP TABLE IF EXISTS `user`;
/*!40101 SET @saved_cs_client     = @@character_set_client */;
/*!40101 SET character_set_client = utf8 */;
CREATE TABLE `user` (
  `id` bigint(20) NOT NULL,
  `name` varchar(255) CHARACTER SET ascii DEFAULT NULL,
  `secret` varbinary(132) DEFAULT NULL,
  `is_activated` tinyint(1) NOT NULL,
  `is_blocked` tinyint(1) NOT NULL,
  `role` enum('NORMAL','ADMIN','ROOT') NOT NULL,
  PRIMARY KEY (`id`),
  UNIQUE KEY `name` (`name`)
) ENGINE=InnoDB DEFAULT CHARSET=utf8;
/*!40101 SET character_set_client = @saved_cs_client */;

--
-- Dumping data for table `user`
--

LOCK TABLES `user` WRITE;
/*!40000 ALTER TABLE `user` DISABLE KEYS */;
INSERT INTO `user` VALUES (1,'root','\0\0\0\\r\\KHӝ\8a Z\dqŘv\?0;\\\\\\ro\į\FEϫ\n.p\>\\#$cs\\z\1nI\֑z\\I\F&ޡR',1,0,'ROOT'),(2,'z','\0\0\0\н\fyϭǂ7R\\\\%(OVwNc?\0׃;\\P\!!>9#ă@\\1(3PuϣVQ\\_b\4\xH$92 y\\J\9',1,0,'NORMAL'),(4,'admin','\0\0\0>\\\=Lsq2添5r(\Sc*\\:@\\\({\nWjzᦅ\Ja\\,;r\.\/0\XRŜQQ\"\\r\\\\NLE\\i+,',1,0,'ADMIN');
/*!40000 ALTER TABLE `user` ENABLE KEYS */;
UNLOCK TABLES;

--
-- Temporary view structure for view `view_token`
--

DROP TABLE IF EXISTS `view_token`;
/*!50001 DROP VIEW IF EXISTS `view_token`*/;
SET @saved_cs_client     = @@character_set_client;
SET character_set_client = utf8;
/*!50001 CREATE VIEW `view_token` AS SELECT 
 1 AS `id`,
 1 AS `short_secret`,
 1 AS `action`,
 1 AS `user_id`*/;
SET character_set_client = @saved_cs_client;

--
-- Temporary view structure for view `view_user`
--

DROP TABLE IF EXISTS `view_user`;
/*!50001 DROP VIEW IF EXISTS `view_user`*/;
SET @saved_cs_client     = @@character_set_client;
SET character_set_client = utf8;
/*!50001 CREATE VIEW `view_user` AS SELECT 
 1 AS `id`,
 1 AS `name`,
 1 AS `short_secret`,
 1 AS `is_activated`,
 1 AS `is_blocked`,
 1 AS `role`*/;
SET character_set_client = @saved_cs_client;

--
-- Final view structure for view `view_token`
--

/*!50001 DROP VIEW IF EXISTS `view_token`*/;
/*!50001 SET @saved_cs_client          = @@character_set_client */;
/*!50001 SET @saved_cs_results         = @@character_set_results */;
/*!50001 SET @saved_col_connection     = @@collation_connection */;
/*!50001 SET character_set_client      = utf8 */;
/*!50001 SET character_set_results     = utf8 */;
/*!50001 SET collation_connection      = utf8_general_ci */;
/*!50001 CREATE ALGORITHM=UNDEFINED */
/*!50013 DEFINER=`root`@`localhost` SQL SECURITY DEFINER */
/*!50001 VIEW `view_token` AS select `token`.`id` AS `id`,hex(substr(`token`.`secret`,5,1)) AS `short_secret`,`token`.`action` AS `action`,`token`.`user_id` AS `user_id` from `token` */;
/*!50001 SET character_set_client      = @saved_cs_client */;
/*!50001 SET character_set_results     = @saved_cs_results */;
/*!50001 SET collation_connection      = @saved_col_connection */;

--
-- Final view structure for view `view_user`
--

/*!50001 DROP VIEW IF EXISTS `view_user`*/;
/*!50001 SET @saved_cs_client          = @@character_set_client */;
/*!50001 SET @saved_cs_results         = @@character_set_results */;
/*!50001 SET @saved_col_connection     = @@collation_connection */;
/*!50001 SET character_set_client      = utf8 */;
/*!50001 SET character_set_results     = utf8 */;
/*!50001 SET collation_connection      = utf8_general_ci */;
/*!50001 CREATE ALGORITHM=UNDEFINED */
/*!50013 DEFINER=`root`@`localhost` SQL SECURITY DEFINER */
/*!50001 VIEW `view_user` AS select `user`.`id` AS `id`,`user`.`name` AS `name`,hex(substr(`user`.`secret`,5,1)) AS `short_secret`,`user`.`is_activated` AS `is_activated`,`user`.`is_blocked` AS `is_blocked`,`user`.`role` AS `role` from `user` */;
/*!50001 SET character_set_client      = @saved_cs_client */;
/*!50001 SET character_set_results     = @saved_cs_results */;
/*!50001 SET collation_connection      = @saved_col_connection */;
/*!40103 SET TIME_ZONE=@OLD_TIME_ZONE */;

/*!40101 SET SQL_MODE=@OLD_SQL_MODE */;
/*!40014 SET FOREIGN_KEY_CHECKS=@OLD_FOREIGN_KEY_CHECKS */;
/*!40014 SET UNIQUE_CHECKS=@OLD_UNIQUE_CHECKS */;
/*!40101 SET CHARACTER_SET_CLIENT=@OLD_CHARACTER_SET_CLIENT */;
/*!40101 SET CHARACTER_SET_RESULTS=@OLD_CHARACTER_SET_RESULTS */;
/*!40101 SET COLLATION_CONNECTION=@OLD_COLLATION_CONNECTION */;
/*!40111 SET SQL_NOTES=@OLD_SQL_NOTES */;

-- Dump completed on 2017-03-01 21:32:35
